,Filename,prediction
0,17175.png,1
1,16233.png,1
2,17579.png,1
3,18690.png,1
4,16716.png,1
5,19523.png,1
6,19713.png,1
7,16240.png,1
8,17932.png,1
9,19385.png,1
10,18136.png,1
11,19819.png,1
12,16579.png,1
13,17215.png,1
14,17919.png,1
15,19843.png,1
16,16916.png,1
17,18698.png,1
18,19980.png,1
19,19952.png,1
20,16739.png,1
21,16364.png,1
22,17854.png,1
23,16692.png,1
24,16851.png,1
25,17125.png,1
26,19226.png,1
27,16660.png,1
28,16727.png,1
29,18789.png,1
30,18394.png,1
31,17222.png,1
32,17586.png,1
33,16279.png,1
34,17878.png,1
35,16341.png,1
36,16074.png,1
37,19526.png,1
38,17547.png,1
39,18346.png,1
40,19027.png,1
41,18000.png,1
42,19335.png,1
43,19874.png,1
44,19050.png,1
45,18020.png,1
46,18221.png,1
47,18774.png,1
48,18932.png,1
49,19424.png,1
50,16698.png,1
51,16316.png,1
52,16683.png,1
53,18078.png,1
54,17136.png,1
55,19136.png,1
56,18220.png,1
57,17190.png,1
58,16163.png,1
59,19341.png,1
60,16644.png,1
61,18916.png,1
62,16271.png,1
63,17968.png,1
64,19919.png,1
65,17450.png,1
66,19277.png,1
67,17618.png,1
68,17482.png,1
69,16278.png,1
70,18733.png,1
71,19872.png,1
72,17008.png,1
73,16238.png,1
74,18842.png,1
75,19607.png,1
76,19871.png,1
77,19350.png,1
78,16960.png,1
79,18088.png,1
80,19170.png,1
81,19285.png,1
82,17158.png,1
83,19635.png,1
84,17939.png,1
85,18611.png,1
86,19948.png,1
87,19951.png,1
88,16113.png,1
89,16185.png,1
90,16882.png,1
91,17824.png,1
92,19695.png,1
93,18763.png,1
94,18107.png,1
95,18969.png,1
96,16516.png,1
97,16624.png,1
98,19430.png,1
99,19937.png,1
100,19269.png,1
101,17685.png,1
102,19946.png,1
103,16133.png,1
104,19303.png,1
105,17723.png,1
106,17722.png,1
107,16066.png,1
108,18658.png,1
109,16538.png,1
110,17307.png,1
111,16323.png,1
112,19929.png,1
113,16932.png,1
114,17758.png,1
115,17159.png,1
116,17447.png,1
117,19854.png,1
118,19621.png,1
119,16886.png,1
120,17317.png,1
121,17217.png,1
122,17187.png,1
123,18475.png,1
124,17575.png,1
125,19755.png,1
126,17168.png,1
127,16902.png,1
128,19708.png,1
129,18441.png,1
130,18045.png,1
131,19060.png,1
132,19032.png,1
133,17334.png,1
134,16840.png,1
135,17268.png,1
136,17029.png,1
137,19482.png,1
138,16895.png,1
139,19036.png,1
140,16638.png,1
141,19308.png,1
142,18507.png,1
143,18607.png,1
144,16350.png,1
145,18231.png,1
146,18233.png,1
147,17326.png,1
148,19600.png,1
149,17698.png,1
150,16720.png,1
151,17993.png,1
152,18593.png,1
153,18513.png,1
154,18905.png,1
155,16901.png,1
156,17726.png,1
157,16957.png,1
158,17082.png,1
159,16858.png,1
160,16649.png,1
161,18062.png,1
162,17005.png,1
163,18264.png,1
164,17271.png,1
165,17410.png,1
166,16207.png,1
167,19544.png,1
168,16465.png,1
169,17497.png,1
170,19527.png,1
171,16810.png,1
172,19768.png,1
173,17036.png,1
174,18311.png,1
175,19079.png,1
176,19133.png,1
177,17916.png,1
178,18120.png,1
179,16034.png,1
180,18909.png,1
181,18819.png,1
182,17346.png,1
183,16260.png,1
184,19688.png,1
185,18269.png,1
186,18654.png,1
187,16169.png,1
188,19338.png,1
189,16338.png,1
190,19518.png,1
191,16877.png,1
192,17809.png,1
193,19119.png,1
194,19282.png,1
195,17621.png,1
196,18900.png,1
197,19266.png,1
198,19947.png,1
199,17943.png,1
200,17472.png,1
201,17143.png,1
202,16367.png,1
203,17281.png,1
204,17778.png,1
205,18508.png,1
206,17501.png,1
207,18328.png,1
208,17514.png,1
209,17512.png,1
210,17123.png,1
211,18854.png,1
212,18635.png,1
213,18171.png,1
214,18009.png,1
215,18161.png,1
216,17400.png,1
217,19237.png,1
218,19653.png,1
219,17262.png,1
220,19410.png,1
221,19362.png,1
222,19561.png,1
223,16464.png,1
224,19580.png,1
225,19575.png,1
226,18413.png,1
227,17730.png,1
228,17508.png,1
229,19488.png,1
230,16856.png,1
231,18380.png,1
232,18099.png,1
233,16871.png,1
234,18466.png,1
235,18751.png,1
236,18757.png,1
237,17140.png,1
238,18821.png,1
239,18273.png,1
240,18245.png,1
241,19348.png,1
242,19970.png,1
243,18861.png,1
244,17787.png,1
245,17704.png,1
246,16602.png,1
247,18272.png,1
248,17174.png,1
249,18563.png,1
250,17018.png,1
251,19446.png,1
252,18283.png,1
253,18336.png,1
254,17883.png,1
255,16868.png,1
256,19540.png,1
257,19652.png,1
258,18331.png,1
259,17879.png,1
260,19883.png,1
261,17439.png,1
262,19603.png,1
263,16606.png,1
264,19445.png,1
265,17484.png,1
266,18057.png,1
267,17528.png,1
268,19217.png,1
269,16763.png,1
270,17600.png,1
271,19780.png,1
272,19007.png,1
273,18773.png,1
274,16842.png,1
275,17182.png,1
276,16397.png,1
277,18125.png,1
278,18588.png,1
279,19638.png,1
280,17265.png,1
281,17098.png,1
282,17454.png,1
283,16214.png,1
284,17995.png,1
285,18368.png,1
286,18858.png,1
287,19769.png,1
288,18532.png,1
289,16936.png,1
290,18176.png,1
291,17920.png,1
292,18939.png,1
293,17782.png,1
294,16403.png,1
295,16586.png,1
296,19090.png,1
297,18974.png,1
298,17489.png,1
299,19230.png,1
300,18317.png,1
301,18199.png,1
302,17145.png,1
303,18321.png,1
304,18217.png,1
305,19895.png,1
306,17499.png,1
307,19046.png,1
308,17221.png,1
309,19470.png,1
310,19701.png,1
311,17982.png,1
312,18888.png,1
313,18068.png,1
314,17691.png,1
315,19668.png,1
316,16032.png,1
317,16223.png,1
318,16753.png,1
319,19761.png,1
320,19675.png,1
321,16619.png,1
322,17115.png,1
323,16386.png,1
324,16912.png,1
325,19224.png,1
326,19150.png,1
327,17856.png,1
328,18242.png,1
329,17283.png,1
330,17015.png,1
331,17504.png,1
332,16424.png,1
333,19694.png,1
334,18760.png,1
335,18355.png,1
336,19398.png,1
337,18798.png,1
338,17963.png,1
339,16143.png,1
340,18664.png,1
341,19187.png,1
342,17927.png,1
343,16020.png,1
344,17249.png,1
345,19073.png,1
346,18826.png,1
347,17244.png,1
348,19868.png,1
349,18436.png,1
350,16697.png,1
351,17069.png,1
352,19289.png,1
353,18206.png,1
354,19186.png,1
355,16056.png,1
356,19435.png,1
357,17736.png,1
358,18585.png,1
359,16849.png,1
360,16384.png,1
361,17092.png,1
362,18048.png,1
363,16938.png,1
364,18598.png,1
365,18072.png,1
366,17255.png,1
367,19473.png,1
368,18395.png,1
369,19057.png,1
370,16812.png,1
371,16745.png,1
372,19984.png,1
373,17362.png,1
374,16201.png,1
375,18495.png,1
376,17989.png,1
377,19373.png,1
378,16417.png,1
379,18239.png,1
380,19184.png,1
381,16822.png,1
382,16748.png,1
383,19120.png,1
384,16797.png,1
385,16427.png,1
386,18931.png,1
387,17088.png,1
388,17306.png,1
389,17513.png,1
390,16029.png,1
391,16974.png,1
392,17296.png,1
393,18013.png,1
394,19558.png,1
395,17377.png,1
396,17059.png,1
397,18310.png,1
398,19774.png,1
399,18922.png,1
400,19906.png,1
401,16847.png,1
402,16913.png,1
403,17732.png,1
404,16959.png,1
405,16627.png,1
406,17845.png,1
407,16594.png,1
408,16945.png,1
409,17186.png,1
410,16269.png,1
411,17658.png,1
412,18491.png,1
413,19679.png,1
414,17077.png,1
415,19714.png,1
416,17146.png,1
417,18174.png,1
418,19038.png,1
419,18575.png,1
420,17279.png,1
421,16554.png,1
422,18292.png,1
423,18168.png,1
424,19484.png,1
425,16832.png,1
426,18534.png,1
427,18257.png,1
428,17110.png,1
429,17284.png,1
430,18418.png,1
431,17584.png,1
432,17892.png,1
433,18636.png,1
434,18226.png,1
435,16623.png,1
436,16477.png,1
437,18158.png,1
438,19321.png,1
439,19044.png,1
440,18128.png,1
441,16482.png,1
442,17885.png,1
443,17603.png,1
444,17437.png,1
445,17232.png,1
446,19633.png,1
447,19664.png,1
448,19083.png,1
449,16567.png,1
450,19873.png,1
451,16652.png,1
452,18069.png,1
453,18262.png,1
454,18641.png,1
455,17509.png,1
456,18204.png,1
457,16236.png,1
458,17791.png,1
459,19468.png,1
460,17050.png,1
461,17731.png,1
462,16914.png,1
463,18841.png,1
464,19180.png,1
465,17833.png,1
466,19717.png,1
467,17660.png,1
468,17949.png,1
469,17213.png,1
470,17970.png,1
471,17686.png,1
472,16545.png,1
473,18618.png,1
474,18141.png,1
475,16890.png,1
476,18490.png,1
477,17830.png,1
478,17789.png,1
479,17904.png,1
480,19982.png,1
481,19552.png,1
482,17019.png,1
483,19766.png,1
484,17609.png,1
485,16314.png,1
486,16073.png,1
487,19823.png,1
488,17836.png,1
489,18848.png,1
490,19822.png,1
491,19687.png,1
492,19737.png,1
493,18320.png,1
494,19699.png,1
495,18840.png,1
496,17874.png,1
497,19507.png,1
498,18010.png,1
499,16910.png,1
500,17297.png,1
501,17616.png,1
502,17327.png,1
503,18412.png,1
504,17412.png,1
505,19639.png,1
506,16330.png,1
507,16908.png,1
508,19190.png,1
509,18391.png,1
510,16135.png,1
511,17124.png,1
512,17954.png,1
513,16413.png,1
514,18820.png,1
515,16563.png,1
516,17258.png,1
517,17442.png,1
518,18553.png,1
519,18169.png,1
520,16976.png,1
521,16636.png,1
522,17095.png,1
523,16215.png,1
524,16245.png,1
525,18783.png,1
526,17448.png,1
527,18993.png,1
528,16318.png,1
529,18726.png,1
530,16252.png,1
531,16875.png,1
532,18080.png,1
533,18427.png,1
534,17239.png,1
535,18523.png,1
536,19677.png,1
537,17597.png,1
538,19623.png,1
539,16414.png,1
540,19116.png,1
541,19342.png,1
542,19377.png,1
543,18470.png,1
544,18077.png,1
545,19528.png,1
546,16799.png,1
547,18390.png,1
548,16650.png,1
549,16109.png,1
550,16852.png,1
551,16106.png,1
552,17341.png,1
553,19835.png,1
554,16443.png,1
555,17595.png,1
556,16463.png,1
557,19988.png,1
558,16132.png,1
559,18458.png,1
560,16504.png,1
561,18959.png,1
562,18936.png,1
563,17526.png,1
564,18234.png,1
565,17875.png,1
566,17360.png,1
567,18374.png,1
568,16137.png,1
569,17093.png,1
570,19143.png,1
571,17649.png,1
572,19387.png,1
573,16706.png,1
574,18885.png,1
575,19870.png,1
576,16373.png,1
577,19566.png,1
578,19611.png,1
579,19029.png,1
580,19646.png,1
581,17542.png,1
582,19444.png,1
583,19747.png,1
584,18509.png,1
585,18617.png,1
586,16228.png,1
587,17078.png,1
588,18797.png,1
589,16824.png,1
590,16079.png,1
591,18229.png,1
592,19502.png,1
593,19560.png,1
594,18480.png,1
595,19091.png,1
596,19402.png,1
597,17449.png,1
598,17185.png,1
599,17212.png,1
600,17510.png,1
601,16731.png,1
602,18227.png,1
603,16062.png,1
604,19734.png,1
605,19691.png,1
606,17530.png,1
607,17180.png,1
608,18280.png,1
609,18991.png,1
610,19604.png,1
611,18684.png,1
612,17977.png,1
613,18674.png,1
614,16496.png,1
615,19274.png,1
616,18961.png,1
617,18785.png,1
618,19712.png,1
619,19856.png,1
620,19236.png,1
621,18055.png,1
622,17388.png,1
623,19239.png,1
624,19399.png,1
625,16531.png,1
626,18122.png,1
627,16654.png,1
628,18685.png,1
629,18859.png,1
630,17012.png,1
631,18645.png,1
632,16089.png,1
633,19176.png,1
634,16726.png,1
635,19419.png,1
636,19524.png,1
637,19288.png,1
638,18998.png,1
639,16249.png,1
640,18988.png,1
641,18325.png,1
642,16658.png,1
643,16647.png,1
644,19238.png,1
645,18669.png,1
646,19251.png,1
647,16596.png,1
648,17415.png,1
649,17987.png,1
650,17594.png,1
651,18516.png,1
652,17756.png,1
653,16111.png,1
654,18892.png,1
655,19318.png,1
656,18214.png,1
657,18551.png,1
658,19941.png,1
659,16039.png,1
660,17606.png,1
661,19106.png,1
662,18567.png,1
663,16663.png,1
664,17955.png,1
665,17780.png,1
666,16830.png,1
667,19056.png,1
668,18653.png,1
669,16047.png,1
670,19265.png,1
671,18718.png,1
672,16519.png,1
673,18702.png,1
674,16121.png,1
675,19956.png,1
676,19971.png,1
677,19072.png,1
678,19893.png,1
679,19738.png,1
680,18407.png,1
681,19848.png,1
682,18721.png,1
683,17930.png,1
684,17521.png,1
685,17418.png,1
686,19361.png,1
687,16090.png,1
688,16958.png,1
689,16312.png,1
690,17906.png,1
691,19799.png,1
692,16653.png,1
693,18606.png,1
694,16391.png,1
695,18999.png,1
696,17703.png,1
697,16366.png,1
698,19542.png,1
699,18973.png,1
700,19215.png,1
701,18809.png,1
702,19255.png,1
703,18036.png,1
704,17991.png,1
705,19346.png,1
706,16784.png,1
707,19252.png,1
708,17111.png,1
709,19545.png,1
710,17443.png,1
711,18964.png,1
712,16528.png,1
713,18624.png,1
714,16998.png,1
715,16979.png,1
716,18831.png,1
717,18319.png,1
718,18402.png,1
719,19903.png,1
720,16690.png,1
721,16064.png,1
722,18003.png,1
723,17037.png,1
724,18692.png,1
725,17342.png,1
726,16841.png,1
727,17702.png,1
728,17500.png,1
729,19261.png,1
730,18723.png,1
731,19443.png,1
732,17863.png,1
733,19807.png,1
734,17181.png,1
735,17385.png,1
736,16657.png,1
737,19746.png,1
738,18363.png,1
739,17150.png,1
740,19460.png,1
741,16933.png,1
742,19290.png,1
743,19760.png,1
744,16646.png,1
745,18454.png,1
746,18828.png,1
747,16864.png,1
748,17364.png,1
749,16870.png,1
750,16205.png,1
751,17887.png,1
752,17766.png,1
753,17422.png,1
754,17566.png,1
755,17853.png,1
756,18106.png,1
757,17302.png,1
758,18444.png,1
759,16407.png,1
760,19480.png,1
761,16537.png,1
762,18487.png,1
763,18530.png,1
764,16189.png,1
765,17699.png,1
766,17715.png,1
767,19852.png,1
768,17465.png,1
769,19462.png,1
770,17638.png,1
771,17056.png,1
772,16955.png,1
773,17285.png,1
774,16188.png,1
775,18581.png,1
776,18620.png,1
777,16176.png,1
778,17901.png,1
779,19892.png,1
780,19340.png,1
781,17946.png,1
782,16666.png,1
783,19770.png,1
784,16209.png,1
785,17540.png,1
786,19898.png,1
787,17957.png,1
788,18725.png,1
789,16909.png,1
790,19198.png,1
791,19779.png,1
792,16853.png,1
793,17047.png,1
794,17155.png,1
795,17742.png,1
796,19162.png,1
797,18373.png,1
798,16051.png,1
799,19618.png,1
800,17301.png,1
801,18835.png,1
802,18405.png,1
803,17599.png,1
804,19381.png,1
805,18827.png,1
806,16738.png,1
807,16363.png,1
808,17135.png,1
809,17371.png,1
810,16395.png,1
811,19630.png,1
812,16419.png,1
813,18361.png,1
814,17305.png,1
815,17873.png,1
816,16848.png,1
817,19847.png,1
818,19742.png,1
819,16433.png,1
820,19707.png,1
821,19329.png,1
822,19808.png,1
823,16523.png,1
824,16247.png,1
825,17781.png,1
826,16198.png,1
827,19309.png,1
828,17671.png,1
829,18303.png,1
830,16949.png,1
831,17313.png,1
832,18552.png,1
833,17329.png,1
834,17573.png,1
835,18680.png,1
836,16885.png,1
837,17802.png,1
838,16498.png,1
839,19345.png,1
840,18271.png,1
841,19394.png,1
842,19485.png,1
843,19778.png,1
844,16836.png,1
845,18878.png,1
846,18308.png,1
847,17619.png,1
848,18142.png,1
849,17072.png,1
850,17273.png,1
851,18766.png,1
852,19031.png,1
853,16445.png,1
854,19209.png,1
855,16947.png,1
856,18644.png,1
857,18063.png,1
858,19850.png,1
859,17769.png,1
860,18677.png,1
861,16088.png,1
862,16000.png,1
863,18189.png,1
864,17104.png,1
865,16046.png,1
866,16400.png,1
867,18087.png,1
868,17241.png,1
869,16758.png,1
870,19339.png,1
871,18397.png,1
872,16469.png,1
873,18124.png,1
874,17084.png,1
875,16792.png,1
876,17553.png,1
877,17844.png,1
878,19925.png,1
879,19670.png,1
880,17918.png,1
881,19555.png,1
882,18689.png,1
883,16590.png,1
884,19887.png,1
885,19466.png,1
886,19015.png,1
887,17083.png,1
888,19836.png,1
889,18153.png,1
890,19406.png,1
891,16629.png,1
892,17543.png,1
893,18992.png,1
894,18710.png,1
895,19267.png,1
896,18724.png,1
897,17430.png,1
898,17409.png,1
899,17200.png,1
900,17905.png,1
901,19686.png,1
902,17917.png,1
903,16775.png,1
904,19240.png,1
905,19124.png,1
906,16761.png,1
907,19147.png,1
908,18443.png,1
909,19401.png,1
910,18082.png,1
911,16622.png,1
912,19676.png,1
913,18110.png,1
914,16098.png,1
915,19564.png,1
916,19764.png,1
917,18315.png,1
918,19685.png,1
919,16005.png,1
920,18184.png,1
921,18255.png,1
922,16494.png,1
923,16489.png,1
924,16149.png,1
925,18860.png,1
926,17772.png,1
927,17488.png,1
928,16506.png,1
929,19837.png,1
930,18486.png,1
931,17319.png,1
932,19783.png,1
933,17770.png,1
934,18975.png,1
935,16560.png,1
936,19296.png,1
937,16920.png,1
938,16475.png,1
939,17053.png,1
940,17428.png,1
941,16478.png,1
942,19631.png,1
943,18222.png,1
944,16503.png,1
945,17204.png,1
946,16754.png,1
947,17475.png,1
948,16377.png,1
949,18540.png,1
950,18485.png,1
951,17147.png,1
952,19706.png,1
953,19617.png,1
954,17345.png,1
955,17414.png,1
956,16592.png,1
957,18855.png,1
958,16866.png,1
959,19974.png,1
960,18268.png,1
961,19118.png,1
962,18643.png,1
963,16728.png,1
964,18456.png,1
965,18908.png,1
966,17340.png,1
967,17721.png,1
968,18883.png,1
969,16028.png,1
970,17051.png,1
971,19800.png,1
972,17321.png,1
973,16508.png,1
974,17495.png,1
975,18707.png,1
976,18156.png,1
977,18166.png,1
978,18175.png,1
979,18649.png,1
980,19010.png,1
981,16437.png,1
982,16361.png,1
983,19514.png,1
984,16723.png,1
985,16127.png,1
986,16103.png,1
987,19432.png,1
988,17897.png,1
989,18958.png,1
990,17325.png,1
991,17394.png,1
992,19179.png,1
993,18657.png,1
994,18064.png,1
995,17152.png,1
996,18601.png,1
997,19520.png,1
998,19790.png,1
999,18619.png,1
1000,19035.png,1
1001,18948.png,1
1002,19257.png,1
1003,18066.png,1
1004,16190.png,1
1005,16869.png,1
1006,16203.png,1
1007,18570.png,1
1008,19380.png,1
1009,18810.png,1
1010,16817.png,1
1011,17376.png,1
1012,19959.png,1
1013,18008.png,1
1014,18223.png,1
1015,16857.png,1
1016,16961.png,1
1017,19037.png,1
1018,19905.png,1
1019,16533.png,1
1020,19392.png,1
1021,19053.png,1
1022,19417.png,1
1023,18754.png,1
1024,17935.png,1
1025,16368.png,1
1026,17421.png,1
1027,18582.png,1
1028,16896.png,1
1029,16996.png,1
1030,16063.png,1
1031,17656.png,1
1032,16222.png,1
1033,18258.png,1
1034,19297.png,1
1035,16327.png,1
1036,16021.png,1
1037,19291.png,1
1038,18856.png,1
1039,18460.png,1
1040,17157.png,1
1041,18483.png,1
1042,19885.png,1
1043,17502.png,1
1044,19428.png,1
1045,19682.png,1
1046,19579.png,1
1047,19167.png,1
1048,16027.png,1
1049,18150.png,1
1050,18656.png,1
1051,19584.png,1
1052,16399.png,1
1053,16711.png,1
1054,19122.png,1
1055,19739.png,1
1056,18338.png,1
1057,17347.png,1
1058,19521.png,1
1059,19726.png,1
1060,16449.png,1
1061,19153.png,1
1062,19070.png,1
1063,19206.png,1
1064,16353.png,1
1065,16435.png,1
1066,19613.png,1
1067,19647.png,1
1068,17516.png,1
1069,19207.png,1
1070,19026.png,1
1071,16116.png,1
1072,18518.png,1
1073,18918.png,1
1074,17759.png,1
1075,16760.png,1
1076,17354.png,1
1077,19596.png,1
1078,17257.png,1
1079,17752.png,1
1080,17531.png,1
1081,16375.png,1
1082,19137.png,1
1083,17363.png,1
1084,17900.png,1
1085,18971.png,1
1086,19565.png,1
1087,16372.png,1
1088,18119.png,1
1089,16808.png,1
1090,17335.png,1
1091,18673.png,1
1092,16491.png,1
1093,16467.png,1
1094,18248.png,1
1095,16951.png,1
1096,17473.png,1
1097,17536.png,1
1098,16059.png,1
1099,17074.png,1
1100,19148.png,1
1101,18917.png,1
1102,19189.png,1
1103,17126.png,1
1104,18817.png,1
1105,16768.png,1
1106,17945.png,1
1107,17960.png,1
1108,16801.png,1
1109,17557.png,1
1110,18369.png,1
1111,17563.png,1
1112,18875.png,1
1113,17754.png,1
1114,19666.png,1
1115,16675.png,1
1116,16953.png,1
1117,18359.png,1
1118,16513.png,1
1119,17194.png,1
1120,17137.png,1
1121,16129.png,1
1122,17359.png,1
1123,16101.png,1
1124,17224.png,1
1125,17118.png,1
1126,17659.png,1
1127,16070.png,1
1128,17560.png,1
1129,16038.png,1
1130,18249.png,1
1131,18940.png,1
1132,19292.png,1
1133,19732.png,1
1134,18845.png,1
1135,19197.png,1
1136,17689.png,1
1137,19172.png,1
1138,16153.png,1
1139,17161.png,1
1140,19651.png,1
1141,18881.png,1
1142,17688.png,1
1143,16986.png,1
1144,18708.png,1
1145,17260.png,1
1146,16239.png,1
1147,17291.png,1
1148,18759.png,1
1149,19306.png,1
1150,17030.png,1
1151,16576.png,1
1152,19945.png,1
1153,17763.png,1
1154,19127.png,1
1155,16747.png,1
1156,16903.png,1
1157,17274.png,1
1158,19161.png,1
1159,18642.png,1
1160,19425.png,1
1161,17529.png,1
1162,16526.png,1
1163,16105.png,1
1164,17876.png,1
1165,19307.png,1
1166,19629.png,1
1167,18203.png,1
1168,19509.png,1
1169,18147.png,1
1170,18060.png,1
1171,16434.png,1
1172,18787.png,1
1173,19911.png,1
1174,18362.png,1
1175,17869.png,1
1176,19496.png,1
1177,17709.png,1
1178,19125.png,1
1179,18679.png,1
1180,16585.png,1
1181,18695.png,1
1182,18350.png,1
1183,17113.png,1
1184,17071.png,1
1185,18755.png,1
1186,18942.png,1
1187,17676.png,1
1188,16499.png,1
1189,17478.png,1
1190,17629.png,1
1191,19628.png,1
1192,19718.png,1
1193,16769.png,1
1194,18753.png,1
1195,18930.png,1
1196,19749.png,1
1197,16315.png,1
1198,19421.png,1
1199,19276.png,1
1200,18030.png,1
1201,16216.png,1
1202,18962.png,1
1203,16783.png,1
1204,16850.png,1
1205,16732.png,1
1206,17593.png,1
1207,18597.png,1
1208,16899.png,1
1209,19366.png,1
1210,17000.png,1
1211,16744.png,1
1212,18887.png,1
1213,16919.png,1
1214,17705.png,1
1215,19636.png,1
1216,18313.png,1
1217,19719.png,1
1218,16591.png,1
1219,19530.png,1
1220,18237.png,1
1221,19011.png,1
1222,16348.png,1
1223,18871.png,1
1224,17236.png,1
1225,18379.png,1
1226,19023.png,1
1227,17564.png,1
1228,19064.png,1
1229,18852.png,1
1230,18471.png,1
1231,17455.png,1
1232,16923.png,1
1233,19590.png,1
1234,17760.png,1
1235,17007.png,1
1236,19168.png,1
1237,17338.png,1
1238,16246.png,1
1239,19548.png,1
1240,16999.png,1
1241,16147.png,1
1242,17203.png,1
1243,17673.png,1
1244,18318.png,1
1245,16251.png,1
1246,16628.png,1
1247,19067.png,1
1248,17142.png,1
1249,18633.png,1
1250,16778.png,1
1251,19833.png,1
1252,18978.png,1
1253,19793.png,1
1254,16601.png,1
1255,16984.png,1
1256,17683.png,1
1257,16892.png,1
1258,17094.png,1
1259,17633.png,1
1260,18246.png,1
1261,18043.png,1
1262,18065.png,1
1263,18071.png,1
1264,17151.png,1
1265,19437.png,1
1266,16429.png,1
1267,16755.png,1
1268,19461.png,1
1269,18252.png,1
1270,17639.png,1
1271,19650.png,1
1272,16388.png,1
1273,19921.png,1
1274,18740.png,1
1275,16325.png,1
1276,17710.png,1
1277,18144.png,1
1278,18911.png,1
1279,18070.png,1
1280,17316.png,1
1281,16687.png,1
1282,16667.png,1
1283,16256.png,1
1284,19000.png,1
1285,19722.png,1
1286,19396.png,1
1287,19605.png,1
1288,18345.png,1
1289,16985.png,1
1290,18440.png,1
1291,16037.png,1
1292,16352.png,1
1293,16511.png,1
1294,17114.png,1
1295,18428.png,1
1296,17764.png,1
1297,17156.png,1
1298,19784.png,1
1299,18945.png,1
1300,18329.png,1
1301,16002.png,1
1302,18306.png,1
1303,17951.png,1
1304,18517.png,1
1305,18434.png,1
1306,18316.png,1
1307,17391.png,1
1308,19400.png,1
1309,19409.png,1
1310,17001.png,1
1311,19041.png,1
1312,17841.png,1
1313,19163.png,1
1314,17871.png,1
1315,16104.png,1
1316,16174.png,1
1317,16608.png,1
1318,18089.png,1
1319,16275.png,1
1320,16729.png,1
1321,17350.png,1
1322,16536.png,1
1323,18095.png,1
1324,19894.png,1
1325,17197.png,1
1326,17339.png,1
1327,18187.png,1
1328,16048.png,1
1329,18938.png,1
1330,18921.png,1
1331,16681.png,1
1332,17100.png,1
1333,19704.png,1
1334,18780.png,1
1335,16300.png,1
1336,16040.png,1
1337,16708.png,1
1338,18039.png,1
1339,18762.png,1
1340,18410.png,1
1341,19052.png,1
1342,19415.png,1
1343,19955.png,1
1344,17751.png,1
1345,16488.png,1
1346,19102.png,1
1347,18661.png,1
1348,18056.png,1
1349,17913.png,1
1350,19802.png,1
1351,16785.png,1
1352,18389.png,1
1353,16376.png,1
1354,18307.png,1
1355,16438.png,1
1356,17149.png,1
1357,16306.png,1
1358,17793.png,1
1359,18291.png,1
1360,19781.png,1
1361,16025.png,1
1362,16194.png,1
1363,18251.png,1
1364,17366.png,1
1365,17646.png,1
1366,17613.png,1
1367,17805.png,1
1368,19696.png,1
1369,17773.png,1
1370,16835.png,1
1371,18274.png,1
1372,17677.png,1
1373,16581.png,1
1374,18001.png,1
1375,19139.png,1
1376,19563.png,1
1377,16097.png,1
1378,19975.png,1
1379,16705.png,1
1380,19912.png,1
1381,16461.png,1
1382,18659.png,1
1383,16095.png,1
1384,18622.png,1
1385,17102.png,1
1386,19055.png,1
1387,19557.png,1
1388,16378.png,1
1389,19890.png,1
1390,16455.png,1
1391,16615.png,1
1392,16943.png,1
1393,18662.png,1
1394,17153.png,1
1395,19045.png,1
1396,18882.png,1
1397,16712.png,1
1398,17964.png,1
1399,16580.png,1
1400,16182.png,1
1401,16492.png,1
1402,19159.png,1
1403,17753.png,1
1404,19474.png,1
1405,16159.png,1
1406,17607.png,1
1407,18995.png,1
1408,17838.png,1
1409,18464.png,1
1410,18061.png,1
1411,16043.png,1
1412,16834.png,1
1413,18665.png,1
1414,19757.png,1
1415,18209.png,1
1416,18543.png,1
1417,19457.png,1
1418,19375.png,1
1419,16734.png,1
1420,17424.png,1
1421,16605.png,1
1422,17612.png,1
1423,18630.png,1
1424,17348.png,1
1425,17941.png,1
1426,18179.png,1
1427,18134.png,1
1428,17952.png,1
1429,17728.png,1
1430,16130.png,1
1431,18207.png,1
1432,19299.png,1
1433,17940.png,1
1434,16557.png,1
1435,18244.png,1
1436,16780.png,1
1437,16637.png,1
1438,18666.png,1
1439,18528.png,1
1440,16721.png,1
1441,17351.png,1
1442,18429.png,1
1443,19703.png,1
1444,16990.png,1
1445,17749.png,1
1446,18052.png,1
1447,18729.png,1
1448,19616.png,1
1449,16091.png,1
1450,16248.png,1
1451,18778.png,1
1452,18500.png,1
1453,18312.png,1
1454,17832.png,1
1455,16017.png,1
1456,17831.png,1
1457,16280.png,1
1458,18426.png,1
1459,19918.png,1
1460,19612.png,1
1461,17847.png,1
1462,17625.png,1
1463,16664.png,1
1464,18403.png,1
1465,17765.png,1
1466,18560.png,1
1467,17515.png,1
1468,17165.png,1
1469,18987.png,1
1470,19301.png,1
1471,19585.png,1
1472,18424.png,1
1473,18163.png,1
1474,19320.png,1
1475,18542.png,1
1476,18869.png,1
1477,18453.png,1
1478,18681.png,1
1479,19619.png,1
1480,19063.png,1
1481,17365.png,1
1482,19003.png,1
1483,19463.png,1
1484,16907.png,1
1485,18452.png,1
1486,17431.png,1
1487,17632.png,1
1488,16883.png,1
1489,16193.png,1
1490,17259.png,1
1491,16981.png,1
1492,17983.png,1
1493,19727.png,1
1494,19622.png,1
1495,18799.png,1
1496,19643.png,1
1497,17933.png,1
1498,17550.png,1
1499,18994.png,1
1500,18286.png,1
1501,19829.png,1
1502,18396.png,1
1503,18541.png,1
1504,18823.png,1
1505,17608.png,1
1506,19620.png,1
1507,17269.png,1
1508,17717.png,1
1509,19649.png,1
1510,16393.png,1
1511,16718.png,1
1512,16112.png,1
1513,17452.png,1
1514,18219.png,1
1515,18704.png,1
1516,19916.png,1
1517,19896.png,1
1518,17630.png,1
1519,17172.png,1
1520,19592.png,1
1521,17931.png,1
1522,19936.png,1
1523,17617.png,1
1524,17108.png,1
1525,16565.png,1
1526,18348.png,1
1527,19018.png,1
1528,19645.png,1
1529,18795.png,1
1530,16893.png,1
1531,17701.png,1
1532,18340.png,1
1533,16578.png,1
1534,16420.png,1
1535,19608.png,1
1536,17091.png,1
1537,16250.png,1
1538,19672.png,1
1539,17176.png,1
1540,16387.png,1
1541,17670.png,1
1542,16442.png,1
1543,18590.png,1
1544,17665.png,1
1545,18293.png,1
1546,17119.png,1
1547,16530.png,1
1548,18756.png,1
1549,16742.png,1
1550,16651.png,1
1551,16686.png,1
1552,19408.png,1
1553,16142.png,1
1554,16335.png,1
1555,17207.png,1
1556,17675.png,1
1557,19367.png,1
1558,16036.png,1
1559,18186.png,1
1560,18561.png,1
1561,18743.png,1
1562,17757.png,1
1563,18731.png,1
1564,17979.png,1
1565,17921.png,1
1566,16626.png,1
1567,19295.png,1
1568,19624.png,1
1569,17191.png,1
1570,16555.png,1
1571,16126.png,1
1572,16825.png,1
1573,19627.png,1
1574,19814.png,1
1575,16962.png,1
1576,18375.png,1
1577,18818.png,1
1578,18104.png,1
1579,16479.png,1
1580,16158.png,1
1581,16183.png,1
1582,18613.png,1
1583,17105.png,1
1584,19805.png,1
1585,17558.png,1
1586,18596.png,1
1587,19323.png,1
1588,17866.png,1
1589,18032.png,1
1590,16310.png,1
1591,17652.png,1
1592,18634.png,1
1593,18812.png,1
1594,16876.png,1
1595,16833.png,1
1596,19750.png,1
1597,16296.png,1
1598,18135.png,1
1599,17490.png,1
1600,16997.png,1
1601,17969.png,1
1602,18833.png,1
1603,19315.png,1
1604,17522.png,1
1605,16589.png,1
1606,19796.png,1
1607,18515.png,1
1608,18814.png,1
1609,16285.png,1
1610,16210.png,1
1611,19533.png,1
1612,17132.png,1
1613,17771.png,1
1614,18573.png,1
1615,19100.png,1
1616,17086.png,1
1617,16474.png,1
1618,19551.png,1
1619,18381.png,1
1620,19595.png,1
1621,17312.png,1
1622,17444.png,1
1623,17956.png,1
1624,16574.png,1
1625,16772.png,1
1626,17551.png,1
1627,16069.png,1
1628,16157.png,1
1629,19326.png,1
1630,19379.png,1
1631,18481.png,1
1632,18299.png,1
1633,19177.png,1
1634,18775.png,1
1635,19775.png,1
1636,19441.png,1
1637,17073.png,1
1638,19486.png,1
1639,17288.png,1
1640,19464.png,1
1641,17605.png,1
1642,18423.png,1
1643,18250.png,1
1644,17937.png,1
1645,17039.png,1
1646,16551.png,1
1647,19697.png,1
1648,18484.png,1
1649,16347.png,1
1650,16266.png,1
1651,18837.png,1
1652,19395.png,1
1653,19077.png,1
1654,18539.png,1
1655,17356.png,1
1656,18865.png,1
1657,18765.png,1
1658,17434.png,1
1659,18116.png,1
1660,16607.png,1
1661,19081.png,1
1662,19033.png,1
1663,19979.png,1
1664,17332.png,1
1665,19830.png,1
1666,18411.png,1
1667,18678.png,1
1668,16831.png,1
1669,17986.png,1
1670,19322.png,1
1671,19312.png,1
1672,19655.png,1
1673,18744.png,1
1674,16012.png,1
1675,18430.png,1
1676,19577.png,1
1677,16656.png,1
1678,19660.png,1
1679,18595.png,1
1680,16543.png,1
1681,18211.png,1
1682,17651.png,1
1683,17822.png,1
1684,16274.png,1
1685,16225.png,1
1686,16231.png,1
1687,17144.png,1
1688,17890.png,1
1689,18416.png,1
1690,16263.png,1
1691,19152.png,1
1692,18566.png,1
1693,19084.png,1
1694,17216.png,1
1695,16460.png,1
1696,19467.png,1
1697,16094.png,1
1698,17626.png,1
1699,16855.png,1
1700,18173.png,1
1701,17826.png,1
1702,18579.png,1
1703,19191.png,1
1704,18603.png,1
1705,19352.png,1
1706,19900.png,1
1707,18868.png,1
1708,18433.png,1
1709,18300.png,1
1710,17192.png,1
1711,16409.png,1
1712,17417.png,1
1713,17323.png,1
1714,19328.png,1
1715,16155.png,1
1716,17402.png,1
1717,16730.png,1
1718,19880.png,1
1719,17343.png,1
1720,16924.png,1
1721,16980.png,1
1722,16501.png,1
1723,16559.png,1
1724,18256.png,1
1725,19365.png,1
1726,17827.png,1
1727,16587.png,1
1728,16815.png,1
1729,17230.png,1
1730,18324.png,1
1731,19241.png,1
1732,16081.png,1
1733,16086.png,1
1734,19412.png,1
1735,19930.png,1
1736,19436.png,1
1737,18011.png,1
1738,18750.png,1
1739,18526.png,1
1740,18112.png,1
1741,17219.png,1
1742,19498.png,1
1743,19194.png,1
1744,19243.png,1
1745,17492.png,1
1746,18118.png,1
1747,19505.png,1
1748,18002.png,1
1749,18524.png,1
1750,18790.png,1
1751,19442.png,1
1752,17556.png,1
1753,18058.png,1
1754,17661.png,1
1755,17743.png,1
1756,17432.png,1
1757,19859.png,1
1758,16235.png,1
1759,19938.png,1
1760,16669.png,1
1761,16794.png,1
1762,17243.png,1
1763,16561.png,1
1764,17806.png,1
1765,17042.png,1
1766,16319.png,1
1767,19663.png,1
1768,19363.png,1
1769,17695.png,1
1770,19246.png,1
1771,19068.png,1
1772,16261.png,1
1773,19404.png,1
1774,19795.png,1
1775,17666.png,1
1776,18533.png,1
1777,17815.png,1
1778,17292.png,1
1779,16220.png,1
1780,18408.png,1
1781,17724.png,1
1782,19225.png,1
1783,16272.png,1
1784,19549.png,1
1785,17684.png,1
1786,19235.png,1
1787,18610.png,1
1788,18667.png,1
1789,16889.png,1
1790,17048.png,1
1791,19447.png,1
1792,17762.png,1
1793,18947.png,1
1794,16015.png,1
1795,17972.png,1
1796,16013.png,1
1797,17436.png,1
1798,17534.png,1
1799,18177.png,1
1800,16472.png,1
1801,17962.png,1
1802,16154.png,1
1803,19364.png,1
1804,18261.png,1
1805,18185.png,1
1806,17755.png,1
1807,17067.png,1
1808,18339.png,1
1809,17645.png,1
1810,16992.png,1
1811,17404.png,1
1812,17481.png,1
1813,18997.png,1
1814,19109.png,1
1815,18028.png,1
1816,19047.png,1
1817,16662.png,1
1818,17440.png,1
1819,17229.png,1
1820,16603.png,1
1821,16685.png,1
1822,16324.png,1
1823,16117.png,1
1824,17944.png,1
1825,19923.png,1
1826,16292.png,1
1827,19773.png,1
1828,19025.png,1
1829,16546.png,1
1830,19657.png,1
1831,18493.png,1
1832,19123.png,1
1833,18488.png,1
1834,17016.png,1
1835,17926.png,1
1836,18159.png,1
1837,17596.png,1
1838,16552.png,1
1839,18512.png,1
1840,18672.png,1
1841,16891.png,1
1842,16145.png,1
1843,19334.png,1
1844,19515.png,1
1845,18907.png,1
1846,18615.png,1
1847,19183.png,1
1848,17189.png,1
1849,19374.png,1
1850,18735.png,1
1851,16276.png,1
1852,18075.png,1
1853,17055.png,1
1854,18614.png,1
1855,19541.png,1
1856,18305.png,1
1857,17640.png,1
1858,16268.png,1
1859,18054.png,1
1860,17506.png,1
1861,16679.png,1
1862,16776.png,1
1863,16746.png,1
1864,19525.png,1
1865,17734.png,1
1866,16436.png,1
1867,18421.png,1
1868,17893.png,1
1869,17179.png,1
1870,19581.png,1
1871,18263.png,1
1872,17850.png,1
1873,18138.png,1
1874,17739.png,1
1875,18913.png,1
1876,19735.png,1
1877,17568.png,1
1878,16139.png,1
1879,16860.png,1
1880,18549.png,1
1881,16328.png,1
1882,19724.png,1
1883,17399.png,1
1884,18693.png,1
1885,16022.png,1
1886,19407.png,1
1887,18033.png,1
1888,18327.png,1
1889,16859.png,1
1890,17408.png,1
1891,17825.png,1
1892,19767.png,1
1893,18377.png,1
1894,19522.png,1
1895,16255.png,1
1896,16713.png,1
1897,16873.png,1
1898,18121.png,1
1899,17233.png,1
1900,19141.png,1
1901,19700.png,1
1902,19372.png,1
1903,17277.png,1
1904,16346.png,1
1905,16076.png,1
1906,19142.png,1
1907,18946.png,1
1908,17582.png,1
1909,17419.png,1
1910,19218.png,1
1911,16571.png,1
1912,18401.png,1
1913,19803.png,1
1914,17090.png,1
1915,19626.png,1
1916,17711.png,1
1917,16527.png,1
1918,17199.png,1
1919,19789.png,1
1920,17024.png,1
1921,19989.png,1
1922,17877.png,1
1923,17950.png,1
1924,18183.png,1
1925,17862.png,1
1926,16329.png,1
1927,19370.png,1
1928,18259.png,1
1929,17423.png,1
1930,17707.png,1
1931,16507.png,1
1932,19097.png,1
1933,16160.png,1
1934,19371.png,1
1935,18414.png,1
1936,18770.png,1
1937,17796.png,1
1938,19140.png,1
1939,17733.png,1
1940,19429.png,1
1941,17829.png,1
1942,19910.png,1
1943,17344.png,1
1944,16640.png,1
1945,16052.png,1
1946,19614.png,1
1947,16322.png,1
1948,18870.png,1
1949,16351.png,1
1950,16572.png,1
1951,18326.png,1
1952,19302.png,1
1953,19493.png,1
1954,17903.png,1
1955,19093.png,1
1956,16826.png,1
1957,19043.png,1
1958,16297.png,1
1959,18473.png,1
1960,17737.png,1
1961,17924.png,1
1962,19233.png,1
1963,18205.png,1
1964,16217.png,1
1965,17109.png,1
1966,18140.png,1
1967,19976.png,1
1968,16630.png,1
1969,17589.png,1
1970,19074.png,1
1971,16674.png,1
1972,19709.png,1
1973,19174.png,1
1974,16447.png,1
1975,17398.png,1
1976,16940.png,1
1977,19357.png,1
1978,17198.png,1
1979,17996.png,1
1980,16733.png,1
1981,17857.png,1
1982,16140.png,1
1983,19763.png,1
1984,18409.png,1
1985,17549.png,1
1986,17535.png,1
1987,17697.png,1
1988,16564.png,1
1989,16493.png,1
1990,16136.png,1
1991,17541.png,1
1992,18777.png,1
1993,17031.png,1
1994,18181.png,1
1995,17909.png,1
1996,17735.png,1
1997,16004.png,1
1998,18960.png,1
1999,17483.png,1
2000,18834.png,1
2001,19554.png,1
2002,19501.png,1
2003,16416.png,1
2004,16696.png,1
2005,17256.png,1
2006,18686.png,1
2007,19729.png,1
2008,17425.png,1
2009,19384.png,1
2010,19840.png,1
2011,17947.png,1
2012,19280.png,1
2013,16673.png,1
2014,18343.png,1
2015,17525.png,1
2016,19071.png,1
2017,19973.png,1
2018,17795.png,1
2019,18442.png,1
2020,17559.png,1
2021,16336.png,1
2022,16793.png,1
2023,19940.png,1
2024,16050.png,1
2025,16642.png,1
2026,16487.png,1
2027,16440.png,1
2028,17864.png,1
2029,17567.png,1
2030,19994.png,1
2031,17089.png,1
2032,18472.png,1
2033,17803.png,1
2034,19281.png,1
2035,18049.png,1
2036,18584.png,1
2037,16927.png,1
2038,19022.png,1
2039,18084.png,1
2040,19730.png,1
2041,16788.png,1
2042,19831.png,1
2043,18506.png,1
2044,19219.png,1
2045,16577.png,1
2046,19897.png,1
2047,17087.png,1
2048,18254.png,1
2049,18594.png,1
2050,19683.png,1
2051,17252.png,1
2052,16677.png,1
2053,19222.png,1
2054,19193.png,1
2055,19981.png,1
2056,17435.png,1
2057,18976.png,1
2058,18592.png,1
2059,18966.png,1
2060,17081.png,1
2061,19504.png,1
2062,17441.png,1
2063,16014.png,1
2064,16823.png,1
2065,18208.png,1
2066,18521.png,1
2067,18586.png,1
2068,17429.png,1
2069,16618.png,1
2070,16166.png,1
2071,18846.png,1
2072,16262.png,1
2073,18467.png,1
2074,18990.png,1
2075,17628.png,1
2076,17263.png,1
2077,18676.png,1
2078,16518.png,1
2079,19416.png,1
2080,18616.png,1
2081,19853.png,1
2082,19490.png,1
2083,18463.png,1
2084,18025.png,1
2085,16672.png,1
2086,16141.png,1
2087,19279.png,1
2088,16765.png,1
2089,17729.png,1
2090,17054.png,1
2091,18018.png,1
2092,19818.png,1
2093,17040.png,1
2094,17694.png,1
2095,18944.png,1
2096,17079.png,1
2097,18568.png,1
2098,16177.png,1
2099,16541.png,1
2100,16110.png,1
2101,19810.png,1
2102,19287.png,1
2103,17923.png,1
2104,19993.png,1
2105,16360.png,1
2106,18557.png,1
2107,18781.png,1
2108,19667.png,1
2109,19121.png,1
2110,17106.png,1
2111,19157.png,1
2112,19383.png,1
2113,17166.png,1
2114,18323.png,1
2115,18076.png,1
2116,16432.png,1
2117,18697.png,1
2118,19966.png,1
2119,18130.png,1
2120,18632.png,1
2121,18016.png,1
2122,18462.png,1
2123,16172.png,1
2124,19997.png,1
2125,16337.png,1
2126,19978.png,1
2127,16264.png,1
2128,16394.png,1
2129,17266.png,1
2130,16966.png,1
2131,19926.png,1
2132,17065.png,1
2133,19002.png,1
2134,16082.png,1
2135,16715.png,1
2136,16173.png,1
2137,16199.png,1
2138,18232.png,1
2139,18129.png,1
2140,16267.png,1
2141,17696.png,1
2142,19659.png,1
2143,17017.png,1
2144,16535.png,1
2145,19200.png,1
2146,18836.png,1
2147,17209.png,1
2148,18536.png,1
2149,16970.png,1
2150,18712.png,1
2151,17070.png,1
2152,16751.png,1
2153,16942.png,1
2154,17210.png,1
2155,16954.png,1
2156,17912.png,1
2157,18719.png,1
2158,17978.png,1
2159,18196.png,1
2160,16418.png,1
2161,19012.png,1
2162,16026.png,1
2163,19317.png,1
2164,18335.png,1
2165,16476.png,1
2166,16509.png,1
2167,19828.png,1
2168,18079.png,1
2169,16497.png,1
2170,17477.png,1
2171,19368.png,1
2172,19888.png,1
2173,19842.png,1
2174,17130.png,1
2175,17289.png,1
2176,19264.png,1
2177,19208.png,1
2178,19689.png,1
2179,17518.png,1
2180,18722.png,1
2181,17800.png,1
2182,17820.png,1
2183,19397.png,1
2184,16671.png,1
2185,19305.png,1
2186,16593.png,1
2187,16872.png,1
2188,19674.png,1
2189,18333.png,1
2190,18393.png,1
2191,17453.png,1
2192,17228.png,1
2193,18073.png,1
2194,17022.png,1
2195,17462.png,1
2196,17227.png,1
2197,17311.png,1
2198,16342.png,1
2199,18954.png,1
2200,18889.png,1
2201,17814.png,1
2202,16444.png,1
2203,17959.png,1
2204,18650.png,1
2205,17648.png,1
2206,18694.png,1
2207,19450.png,1
2208,16242.png,1
2209,19110.png,1
2210,17680.png,1
2211,18703.png,1
2212,16049.png,1
2213,18133.png,1
2214,19958.png,1
2215,17390.png,1
2216,19214.png,1
2217,16333.png,1
2218,16470.png,1
2219,17712.png,1
2220,19096.png,1
2221,16383.png,1
2222,16948.png,1
2223,18554.png,1
2224,19058.png,1
2225,19711.png,1
2226,18289.png,1
2227,18435.png,1
2228,16439.png,1
2229,18190.png,1
2230,16450.png,1
2231,19801.png,1
2232,18015.png,1
2233,16023.png,1
2234,16009.png,1
2235,17783.png,1
2236,18059.png,1
2237,16191.png,1
2238,17687.png,1
2239,18608.png,1
2240,17469.png,1
2241,19771.png,1
2242,16762.png,1
2243,17353.png,1
2244,16807.png,1
2245,19129.png,1
2246,18510.png,1
2247,19086.png,1
2248,18520.png,1
2249,17446.png,1
2250,16456.png,1
2251,16146.png,1
2252,16084.png,1
2253,19678.png,1
2254,18984.png,1
2255,18801.png,1
2256,18123.png,1
2257,19534.png,1
2258,19314.png,1
2259,19586.png,1
2260,16468.png,1
2261,18851.png,1
2262,18788.png,1
2263,16293.png,1
2264,16301.png,1
2265,16371.png,1
2266,17610.png,1
2267,19963.png,1
2268,17811.png,1
2269,18400.png,1
2270,16800.png,1
2271,16722.png,1
2272,17889.png,1
2273,19908.png,1
2274,16305.png,1
2275,17396.png,1
2276,18925.png,1
2277,16085.png,1
2278,19860.png,1
2279,18367.png,1
2280,18816.png,1
2281,16415.png,1
2282,16930.png,1
2283,19359.png,1
2284,19448.png,1
2285,16178.png,1
2286,18198.png,1
2287,19158.png,1
2288,19576.png,1
2289,17679.png,1
2290,19391.png,1
2291,19039.png,1
2292,16540.png,1
2293,18847.png,1
2294,17416.png,1
2295,16862.png,1
2296,18682.png,1
2297,17896.png,1
2298,19479.png,1
2299,17103.png,1
2300,16520.png,1
2301,16354.png,1
2302,19478.png,1
2303,19634.png,1
2304,16273.png,1
2305,19204.png,1
2306,18717.png,1
2307,19389.png,1
2308,18668.png,1
2309,16643.png,1
2310,17044.png,1
2311,19582.png,1
2312,19741.png,1
2313,18117.png,1
2314,16326.png,1
2315,16707.png,1
2316,18857.png,1
2317,16008.png,1
2318,18631.png,1
2319,18406.png,1
2320,16401.png,1
2321,18626.png,1
2322,18604.png,1
2323,16486.png,1
2324,18963.png,1
2325,19562.png,1
2326,17973.png,1
2327,19991.png,1
2328,19662.png,1
2329,17300.png,1
2330,19983.png,1
2331,16843.png,1
2332,16208.png,1
2333,19356.png,1
2334,18115.png,1
2335,19062.png,1
2336,19740.png,1
2337,16702.png,1
2338,19625.png,1
2339,17571.png,1
2340,18548.png,1
2341,16404.png,1
2342,16229.png,1
2343,16102.png,1
2344,19231.png,1
2345,17750.png,1
2346,17668.png,1
2347,18895.png,1
2348,17846.png,1
2349,18591.png,1
2350,19005.png,1
2351,16811.png,1
2352,19637.png,1
2353,18287.png,1
2354,17774.png,1
2355,17835.png,1
2356,16457.png,1
2357,18965.png,1
2358,16083.png,1
2359,16299.png,1
2360,16725.png,1
2361,16894.png,1
2362,18647.png,1
2363,16550.png,1
2364,17101.png,1
2365,17395.png,1
2366,17888.png,1
2367,18767.png,1
2368,18979.png,1
2369,19313.png,1
2370,19378.png,1
2371,19028.png,1
2372,18901.png,1
2373,18145.png,1
2374,17657.png,1
2375,19723.png,1
2376,18126.png,1
2377,17840.png,1
2378,17173.png,1
2379,19839.png,1
2380,17368.png,1
2381,16837.png,1
2382,19884.png,1
2383,19762.png,1
2384,17002.png,1
2385,17220.png,1
2386,18383.png,1
2387,17358.png,1
2388,16453.png,1
2389,19797.png,1
2390,17761.png,1
2391,16241.png,1
2392,18322.png,1
2393,19950.png,1
2394,18194.png,1
2395,19969.png,1
2396,19813.png,1
2397,19268.png,1
2398,18972.png,1
2399,17154.png,1
2400,18139.png,1
2401,18926.png,1
2402,18297.png,1
2403,19787.png,1
2404,18792.png,1
2405,19199.png,1
2406,18034.png,1
2407,18376.png,1
2408,18294.png,1
2409,19927.png,1
2410,19059.png,1
2411,19641.png,1
2412,16544.png,1
2413,17808.png,1
2414,19661.png,1
2415,18648.png,1
2416,18366.png,1
2417,16764.png,1
2418,16693.png,1
2419,16428.png,1
2420,17990.png,1
2421,17253.png,1
2422,17908.png,1
2423,19881.png,1
2424,17624.png,1
2425,18853.png,1
2426,19610.png,1
2427,18910.png,1
2428,19245.png,1
2429,18382.png,1
2430,18496.png,1
2431,18832.png,1
2432,18746.png,1
2433,19642.png,1
2434,17884.png,1
2435,16771.png,1
2436,17096.png,1
2437,17299.png,1
2438,16939.png,1
2439,17860.png,1
2440,18796.png,1
2441,16334.png,1
2442,18952.png,1
2443,16200.png,1
2444,19465.png,1
2445,18021.png,1
2446,19920.png,1
2447,19710.png,1
2448,18928.png,1
2449,18863.png,1
2450,17577.png,1
2451,19286.png,1
2452,19862.png,1
2453,18378.png,1
2454,18736.png,1
2455,18825.png,1
2456,18627.png,1
2457,18891.png,1
2458,16773.png,1
2459,18802.png,1
2460,16213.png,1
2461,19349.png,1
2462,19782.png,1
2463,19293.png,1
2464,16566.png,1
2465,19593.png,1
2466,18202.png,1
2467,16805.png,1
2468,17880.png,1
2469,17604.png,1
2470,19151.png,1
2471,19690.png,1
2472,19772.png,1
2473,19263.png,1
2474,18503.png,1
2475,19476.png,1
2476,19751.png,1
2477,18572.png,1
2478,17692.png,1
2479,17378.png,1
2480,19455.png,1
2481,16881.png,1
2482,16485.png,1
2483,18074.png,1
2484,18739.png,1
2485,18730.png,1
2486,17138.png,1
2487,19250.png,1
2488,17405.png,1
2489,18914.png,1
2490,16575.png,1
2491,19754.png,1
2492,18478.png,1
2493,19654.png,1
2494,18977.png,1
2495,18137.png,1
2496,17226.png,1
2497,16221.png,1
2498,17690.png,1
2499,19327.png,1
2500,19008.png,1
2501,19390.png,1
2502,16641.png,1
2503,18769.png,1
2504,19776.png,1
2505,19867.png,1
2506,16928.png,1
2507,19532.png,1
2508,17653.png,1
2509,17248.png,1
2510,17984.png,1
2511,17011.png,1
2512,19665.png,1
2513,18813.png,1
2514,16298.png,1
2515,16355.png,1
2516,16931.png,1
2517,18096.png,1
2518,17587.png,1
2519,18906.png,1
2520,18450.png,1
2521,16357.png,1
2522,19508.png,1
2523,16639.png,1
2524,19353.png,1
2525,16390.png,1
2526,16839.png,1
2527,17775.png,1
2528,18920.png,1
2529,18090.png,1
2530,16633.png,1
2531,19878.png,1
2532,16471.png,1
2533,16818.png,1
2534,16625.png,1
2535,16790.png,1
2536,16291.png,1
2537,19472.png,1
2538,18439.png,1
2539,19570.png,1
2540,17767.png,1
2541,16717.png,1
2542,18314.png,1
2543,16861.png,1
2544,18499.png,1
2545,17476.png,1
2546,19449.png,1
2547,19104.png,1
2548,16796.png,1
2549,18489.png,1
2550,19165.png,1
2551,18195.png,1
2552,16283.png,1
2553,16408.png,1
2554,17250.png,1
2555,19258.png,1
2556,19861.png,1
2557,18623.png,1
2558,17451.png,1
2559,18284.png,1
2560,17727.png,1
2561,18716.png,1
2562,17184.png,1
2563,16529.png,1
2564,19531.png,1
2565,16740.png,1
2566,17457.png,1
2567,18587.png,1
2568,18113.png,1
2569,17466.png,1
2570,17948.png,1
2571,19411.png,1
2572,19869.png,1
2573,16829.png,1
2574,19543.png,1
2575,19388.png,1
2576,19716.png,1
2577,19145.png,1
2578,18924.png,1
2579,16987.png,1
2580,19128.png,1
2581,18349.png,1
2582,16635.png,1
2583,17276.png,1
2584,18511.png,1
2585,19256.png,1
2586,18803.png,1
2587,16179.png,1
2588,18097.png,1
2589,18824.png,1
2590,16752.png,1
2591,18035.png,1
2592,17355.png,1
2593,17254.png,1
2594,19715.png,1
2595,16234.png,1
2596,18646.png,1
2597,17533.png,1
2598,18012.png,1
2599,19202.png,1
2600,16655.png,1
2601,19516.png,1
2602,18353.png,1
2603,18968.png,1
2604,16128.png,1
2605,19591.png,1
2606,16700.png,1
2607,19131.png,1
2608,16204.png,1
2609,16211.png,1
2610,17080.png,1
2611,19817.png,1
2612,18092.png,1
2613,16695.png,1
2614,19094.png,1
2615,16302.png,1
2616,17738.png,1
2617,19913.png,1
2618,18890.png,1
2619,18569.png,1
2620,17768.png,1
2621,19181.png,1
2622,17592.png,1
2623,16553.png,1
2624,16320.png,1
2625,17206.png,1
2626,18164.png,1
2627,17120.png,1
2628,19669.png,1
2629,17635.png,1
2630,16226.png,1
2631,16192.png,1
2632,19166.png,1
2633,19051.png,1
2634,18904.png,1
2635,18555.png,1
2636,17682.png,1
2637,18178.png,1
2638,19788.png,1
2639,16412.png,1
2640,18894.png,1
2641,19284.png,1
2642,18437.png,1
2643,18505.png,1
2644,19588.png,1
2645,16911.png,1
2646,18342.png,1
2647,16595.png,1
2648,16865.png,1
2649,17849.png,1
2650,16680.png,1
2651,17468.png,1
2652,19809.png,1
2653,16181.png,1
2654,17375.png,1
2655,16766.png,1
2656,19671.png,1
2657,19076.png,1
2658,19928.png,1
2659,19798.png,1
2660,18083.png,1
2661,16982.png,1
2662,16613.png,1
2663,18838.png,1
2664,17033.png,1
2665,17075.png,1
2666,17804.png,1
2667,18267.png,1
2668,16093.png,1
2669,17324.png,1
2670,18711.png,1
2671,19816.png,1
2672,17004.png,1
2673,19248.png,1
2674,18843.png,1
2675,17714.png,1
2676,16935.png,1
2677,16600.png,1
2678,19977.png,1
2679,17580.png,1
2680,19098.png,1
2681,17601.png,1
2682,18026.png,1
2683,18041.png,1
2684,18044.png,1
2685,18580.png,1
2686,18531.png,1
2687,16402.png,1
2688,19693.png,1
2689,18989.png,1
2690,18700.png,1
2691,17427.png,1
2692,17131.png,1
2693,17195.png,1
2694,19169.png,1
2695,17251.png,1
2696,16365.png,1
2697,18562.png,1
2698,16202.png,1
2699,16946.png,1
2700,17898.png,1
2701,16584.png,1
2702,17420.png,1
2703,16197.png,1
2704,19932.png,1
2705,19827.png,1
2706,18996.png,1
2707,16152.png,1
2708,16791.png,1
2709,16689.png,1
2710,16380.png,1
2711,17647.png,1
2712,19673.png,1
2713,19492.png,1
2714,16714.png,1
2715,17331.png,1
2716,18193.png,1
2717,16944.png,1
2718,16906.png,1
2719,17981.png,1
2720,19220.png,1
2721,18609.png,1
2722,17295.png,1
2723,16167.png,1
2724,17470.png,1
2725,17925.png,1
2726,17785.png,1
2727,19821.png,1
2728,17214.png,1
2729,16458.png,1
2730,18808.png,1
2731,16156.png,1
2732,19020.png,1
2733,19336.png,1
2734,16122.png,1
2735,17333.png,1
2736,19019.png,1
2737,18398.png,1
2738,16719.png,1
2739,18399.png,1
2740,17308.png,1
2741,16612.png,1
2742,17538.png,1
2743,19891.png,1
2744,17868.png,1
2745,17555.png,1
2746,19048.png,1
2747,18879.png,1
2748,18356.png,1
2749,16514.png,1
2750,17467.png,1
2751,18215.png,1
2752,17278.png,1
2753,16406.png,1
2754,18494.png,1
2755,17974.png,1
2756,19943.png,1
2757,16307.png,1
2758,18637.png,1
2759,17650.png,1
2760,17049.png,1
2761,19901.png,1
2762,16925.png,1
2763,19497.png,1
2764,18742.png,1
2765,16096.png,1
2766,17337.png,1
2767,18943.png,1
2768,18167.png,1
2769,19965.png,1
2770,18501.png,1
2771,16244.png,1
2772,17662.png,1
2773,16448.png,1
2774,18146.png,1
2775,19909.png,1
2776,17747.png,1
2777,18155.png,1
2778,19451.png,1
2779,17578.png,1
2780,17163.png,1
2781,17813.png,1
2782,18461.png,1
2783,18468.png,1
2784,18941.png,1
2785,16010.png,1
2786,16495.png,1
2787,19319.png,1
2788,18915.png,1
2789,16277.png,1
2790,19658.png,1
2791,16219.png,1
2792,17539.png,1
2793,17167.png,1
2794,19826.png,1
2795,18502.png,1
2796,19954.png,1
2797,16150.png,1
2798,17380.png,1
2799,16161.png,1
2800,19333.png,1
2801,19838.png,1
2802,18903.png,1
2803,19413.png,1
2804,17234.png,1
2805,17716.png,1
2806,17861.png,1
2807,18148.png,1
2808,16598.png,1
2809,16573.png,1
2810,17267.png,1
2811,17041.png,1
2812,18811.png,1
2813,16230.png,1
2814,19494.png,1
2815,17121.png,1
2816,17911.png,1
2817,16522.png,1
2818,17314.png,1
2819,17620.png,1
2820,19283.png,1
2821,18341.png,1
2822,16345.png,1
2823,17058.png,1
2824,19471.png,1
2825,18546.png,1
2826,19483.png,1
2827,16180.png,1
2828,19132.png,1
2829,18260.png,1
2830,18701.png,1
2831,19748.png,1
2832,16973.png,1
2833,19753.png,1
2834,17014.png,1
2835,19589.png,1
2836,19138.png,1
2837,19907.png,1
2838,16392.png,1
2839,18105.png,1
2840,16108.png,1
2841,18898.png,1
2842,17985.png,1
2843,17211.png,1
2844,18151.png,1
2845,18238.png,1
2846,17196.png,1
2847,19135.png,1
2848,19583.png,1
2849,19728.png,1
2850,19995.png,1
2851,19845.png,1
2852,17674.png,1
2853,19275.png,1
2854,19656.png,1
2855,17025.png,1
2856,18420.png,1
2857,16994.png,1
2858,17953.png,1
2859,19964.png,1
2860,16055.png,1
2861,19792.png,1
2862,19434.png,1
2863,16620.png,1
2864,18949.png,1
2865,19196.png,1
2866,16270.png,1
2867,18923.png,1
2868,16162.png,1
2869,19599.png,1
2870,19423.png,1
2871,18734.png,1
2872,19602.png,1
2873,19538.png,1
2874,17942.png,1
2875,16187.png,1
2876,16774.png,1
2877,19506.png,1
2878,19791.png,1
2879,16972.png,1
2880,17066.png,1
2881,16303.png,1
2882,18589.png,1
2883,19875.png,1
2884,19721.png,1
2885,19459.png,1
2886,18699.png,1
2887,16770.png,1
2888,16814.png,1
2889,19311.png,1
2890,18469.png,1
2891,19481.png,1
2892,18919.png,1
2893,17107.png,1
2894,17988.png,1
2895,16975.png,1
2896,19108.png,1
2897,16846.png,1
2898,18899.png,1
2899,18576.png,1
2900,18438.png,1
2901,17397.png,1
2902,18934.png,1
2903,19511.png,1
2904,16757.png,1
2905,19178.png,1
2906,19427.png,1
2907,17309.png,1
2908,18031.png,1
2909,18309.png,1
2910,17634.png,1
2911,19765.png,1
2912,17223.png,1
2913,16978.png,1
2914,18655.png,1
2915,18880.png,1
2916,19851.png,1
2917,17129.png,1
2918,16699.png,1
2919,16286.png,1
2920,19117.png,1
2921,16977.png,1
2922,17034.png,1
2923,17572.png,1
2924,17966.png,1
2925,16854.png,1
2926,19832.png,1
2927,17776.png,1
2928,18705.png,1
2929,16611.png,1
2930,17527.png,1
2931,19568.png,1
2932,18696.png,1
2933,19944.png,1
2934,17261.png,1
2935,19066.png,1
2936,19188.png,1
2937,16287.png,1
2938,17027.png,1
2939,17663.png,1
2940,16515.png,1
2941,19360.png,1
2942,18912.png,1
2943,16767.png,1
2944,19743.png,1
2945,17975.png,1
2946,19609.png,1
2947,18571.png,1
2948,16473.png,1
2949,19736.png,1
2950,17496.png,1
2951,18574.png,1
2952,19899.png,1
2953,18893.png,1
2954,16115.png,1
2955,19089.png,1
2956,17570.png,1
2957,17934.png,1
2958,19495.png,1
2959,18805.png,1
2960,19107.png,1
2961,17471.png,1
2962,16502.png,1
2963,16385.png,1
2964,16934.png,1
2965,17303.png,1
2966,19254.png,1
2967,16676.png,1
2968,16568.png,1
2969,17548.png,1
2970,17641.png,1
2971,18109.png,1
2972,19889.png,1
2973,19192.png,1
2974,18804.png,1
2975,16735.png,1
2976,17246.png,1
2977,16963.png,1
2978,17485.png,1
2979,16888.png,1
2980,17068.png,1
2981,18981.png,1
2982,19550.png,1
2983,19080.png,1
2984,18304.png,1
2985,17784.png,1
2986,18050.png,1
2987,17052.png,1
2988,16926.png,1
2989,19414.png,1
2990,19164.png,1
2991,17392.png,1
2992,18101.png,1
2993,17315.png,1
2994,19825.png,1
2995,17330.png,1
2996,19546.png,1
2997,18629.png,1
2998,17565.png,1
2999,16138.png,1
3000,19223.png,1
3001,17886.png,1
3002,16067.png,1
3003,16786.png,1
3004,16107.png,1
3005,17976.png,1
3006,17245.png,1
3007,17837.png,1
3008,19355.png,1
3009,16024.png,1
3010,16964.png,1
3011,17870.png,1
3012,19278.png,1
3013,18332.png,1
3014,16741.png,1
3015,19846.png,1
3016,18737.png,1
3017,18714.png,1
3018,16648.png,1
3019,16743.png,1
3020,19960.png,1
3021,17456.png,1
3022,18371.png,1
3023,17552.png,1
3024,16905.png,1
3025,17387.png,1
3026,16616.png,1
3027,17585.png,1
3028,19210.png,1
3029,18354.png,1
3030,19213.png,1
3031,17627.png,1
3032,16164.png,1
3033,18872.png,1
3034,19272.png,1
3035,16118.png,1
3036,16709.png,1
3037,16750.png,1
3038,17902.png,1
3039,17895.png,1
3040,18559.png,1
3041,17134.png,1
3042,17097.png,1
3043,19154.png,1
3044,18419.png,1
3045,18302.png,1
3046,17164.png,1
3047,18793.png,1
3048,19487.png,1
3049,16749.png,1
3050,18067.png,1
3051,16918.png,1
3052,16952.png,1
3053,17602.png,1
3054,19069.png,1
3055,19242.png,1
3056,19115.png,1
3057,19095.png,1
3058,19439.png,1
3059,16921.png,1
3060,16405.png,1
3061,16521.png,1
3062,16257.png,1
3063,17891.png,1
3064,19078.png,1
3065,19325.png,1
3066,19185.png,1
3067,19535.png,1
3068,17238.png,1
3069,19601.png,1
3070,19811.png,1
3071,16410.png,1
3072,17958.png,1
3073,18771.png,1
3074,16645.png,1
3075,17009.png,1
3076,17367.png,1
3077,18565.png,1
3078,18839.png,1
3079,17057.png,1
3080,16431.png,1
3081,19513.png,1
3082,16967.png,1
3083,18037.png,1
3084,16454.png,1
3085,17591.png,1
3086,16691.png,1
3087,18522.png,1
3088,19175.png,1
3089,17178.png,1
3090,19001.png,1
3091,18024.png,1
3092,16281.png,1
3093,19271.png,1
3094,17486.png,1
3095,16510.png,1
3096,17225.png,1
3097,18154.png,1
3098,17139.png,1
3099,16844.png,1
3100,17708.png,1
3101,19692.png,1
3102,16819.png,1
3103,18192.png,1
3104,18387.png,1
3105,18266.png,1
3106,17799.png,1
3107,18240.png,1
3108,18172.png,1
3109,18498.png,1
3110,16196.png,1
3111,16018.png,1
3112,18758.png,1
3113,17272.png,1
3114,19857.png,1
3115,17672.png,1
3116,18038.png,1
3117,18830.png,1
3118,18415.png,1
3119,16884.png,1
3120,17810.png,1
3121,18111.png,1
3122,16058.png,1
3123,18556.png,1
3124,16045.png,1
3125,16820.png,1
3126,18004.png,1
3127,17812.png,1
3128,18459.png,1
3129,16011.png,1
3130,17407.png,1
3131,19021.png,1
3132,18688.png,1
3133,19232.png,1
3134,19144.png,1
3135,17821.png,1
3136,19863.png,1
3137,19260.png,1
3138,17406.png,1
3139,16678.png,1
3140,18386.png,1
3141,19354.png,1
3142,18465.png,1
3143,18201.png,1
3144,17242.png,1
3145,19684.png,1
3146,19337.png,1
3147,18577.png,1
3148,19426.png,1
3149,19841.png,1
3150,19099.png,1
3151,17275.png,1
3152,17967.png,1
3153,16243.png,1
3154,16100.png,1
3155,16915.png,1
3156,19249.png,1
3157,17654.png,1
3158,18970.png,1
3159,19298.png,1
3160,19456.png,1
3161,16422.png,1
3162,19061.png,1
3163,16044.png,1
3164,18455.png,1
3165,17170.png,1
3166,19344.png,1
3167,19705.png,1
3168,18051.png,1
3169,17128.png,1
3170,17631.png,1
3171,17569.png,1
3172,16398.png,1
3173,19915.png,1
3174,17060.png,1
3175,16632.png,1
3176,17693.png,1
3177,17493.png,1
3178,18497.png,1
3179,16549.png,1
3180,19195.png,1
3181,17899.png,1
3182,19597.png,1
3183,18547.png,1
3184,19824.png,1
3185,19864.png,1
3186,16061.png,1
3187,16054.png,1
3188,18114.png,1
3189,16060.png,1
3190,18558.png,1
3191,17023.png,1
3192,17748.png,1
3193,18747.png,1
3194,19065.png,1
3195,16343.png,1
3196,16359.png,1
3197,16321.png,1
3198,17028.png,1
3199,19517.png,1
3200,17169.png,1
3201,16258.png,1
3202,16259.png,1
3203,17561.png,1
3204,17389.png,1
3205,19804.png,1
3206,18955.png,1
3207,18794.png,1
3208,17505.png,1
3209,19587.png,1
3210,18602.png,1
3211,16227.png,1
3212,16340.png,1
3213,19454.png,1
3214,16035.png,1
3215,19500.png,1
3216,17858.png,1
3217,16737.png,1
3218,16631.png,1
3219,16710.png,1
3220,17777.png,1
3221,16929.png,1
3222,18550.png,1
3223,18100.png,1
3224,17867.png,1
3225,19794.png,1
3226,18236.png,1
3227,16569.png,1
3228,18625.png,1
3229,17369.png,1
3230,19539.png,1
3231,18800.png,1
3232,19316.png,1
3233,16218.png,1
3234,18956.png,1
3235,18967.png,1
3236,17383.png,1
3237,18448.png,1
3238,16694.png,1
3239,18749.png,1
3240,19512.png,1
3241,16704.png,1
3242,17320.png,1
3243,19369.png,1
3244,19376.png,1
3245,16309.png,1
3246,18417.png,1
3247,16562.png,1
3248,19042.png,1
3249,17122.png,1
3250,18950.png,1
3251,19431.png,1
3252,18902.png,1
3253,16878.png,1
3254,17063.png,1
3255,16547.png,1
3256,16621.png,1
3257,18849.png,1
3258,17929.png,1
3259,16845.png,1
3260,19253.png,1
3261,19849.png,1
3262,18210.png,1
3263,19536.png,1
3264,19967.png,1
3265,17828.png,1
3266,18149.png,1
3267,19985.png,1
3268,17046.png,1
3269,17852.png,1
3270,18296.png,1
3271,17965.png,1
3272,19221.png,1
3273,18127.png,1
3274,16634.png,1
3275,16787.png,1
3276,16701.png,1
3277,16995.png,1
3278,17882.png,1
3279,17282.png,1
3280,16007.png,1
3281,18357.png,1
3282,17116.png,1
3283,19182.png,1
3284,17352.png,1
3285,17287.png,1
3286,17322.png,1
3287,18081.png,1
3288,16609.png,1
3289,17006.png,1
3290,16124.png,1
3291,19996.png,1
3292,16369.png,1
3293,19571.png,1
3294,18218.png,1
3295,17032.png,1
3296,16804.png,1
3297,19759.png,1
3298,16451.png,1
3299,18525.png,1
3300,16452.png,1
3301,18600.png,1
3302,16816.png,1
3303,17971.png,1
3304,16331.png,1
3305,16532.png,1
3306,19992.png,1
3307,19858.png,1
3308,16254.png,1
3309,16311.png,1
3310,19227.png,1
3311,16604.png,1
3312,16556.png,1
3313,16125.png,1
3314,18042.png,1
3315,19453.png,1
3316,16466.png,1
3317,17834.png,1
3318,19902.png,1
3319,19503.png,1
3320,18482.png,1
3321,18282.png,1
3322,18474.png,1
3323,18761.png,1
3324,17433.png,1
3325,19953.png,1
3326,16006.png,1
3327,19085.png,1
3328,16425.png,1
3329,17842.png,1
3330,17413.png,1
3331,18537.png,1
3332,17718.png,1
3333,18844.png,1
3334,19615.png,1
3335,18728.png,1
3336,18929.png,1
3337,17519.png,1
3338,16517.png,1
3339,18086.png,1
3340,18782.png,1
3341,17076.png,1
3342,19999.png,1
3343,19273.png,1
3344,16505.png,1
3345,18449.png,1
3346,19262.png,1
3347,18638.png,1
3348,16411.png,1
3349,16809.png,1
3350,17403.png,1
3351,19882.png,1
3352,19990.png,1
3353,17237.png,1
3354,19203.png,1
3355,19403.png,1
3356,19939.png,1
3357,17706.png,1
3358,16993.png,1
3359,18779.png,1
3360,16374.png,1
3361,18165.png,1
3362,17474.png,1
3363,19876.png,1
3364,17801.png,1
3365,18019.png,1
3366,19578.png,1
3367,17494.png,1
3368,18365.png,1
3369,18529.png,1
3370,16379.png,1
3371,18897.png,1
3372,19075.png,1
3373,16983.png,1
3374,16597.png,1
3375,19228.png,1
3376,16339.png,1
3377,17818.png,1
3378,17511.png,1
3379,17524.png,1
3380,19594.png,1
3381,16897.png,1
3382,16186.png,1
3383,18290.png,1
3384,19244.png,1
3385,16968.png,1
3386,16480.png,1
3387,16078.png,1
3388,18772.png,1
3389,16838.png,1
3390,19569.png,1
3391,17644.png,1
3392,19294.png,1
3393,18738.png,1
3394,16462.png,1
3395,18545.png,1
3396,16134.png,1
3397,19942.png,1
3398,17479.png,1
3399,16080.png,1
3400,19855.png,1
3401,19879.png,1
3402,17247.png,1
3403,17193.png,1
3404,17744.png,1
3405,16539.png,1
3406,16688.png,1
3407,19034.png,1
3408,19358.png,1
3409,18535.png,1
3410,17517.png,1
3411,16668.png,1
3412,17304.png,1
3413,17411.png,1
3414,17384.png,1
3415,16570.png,1
3416,19331.png,1
3417,16071.png,1
3418,16253.png,1
3419,19212.png,1
3420,17370.png,1
3421,19130.png,1
3422,18447.png,1
3423,17667.png,1
3424,16421.png,1
3425,17581.png,1
3426,18706.png,1
3427,17445.png,1
3428,17938.png,1
3429,18564.png,1
3430,19559.png,1
3431,16583.png,1
3432,16171.png,1
3433,17127.png,1
3434,16798.png,1
3435,18446.png,1
3436,18006.png,1
3437,18683.png,1
3438,17099.png,1
3439,19156.png,1
3440,19680.png,1
3441,19418.png,1
3442,17201.png,1
3443,19720.png,1
3444,16756.png,1
3445,19519.png,1
3446,18047.png,1
3447,16053.png,1
3448,16759.png,1
3449,16019.png,1
3450,17393.png,1
3451,19475.png,1
3452,17523.png,1
3453,19758.png,1
3454,19088.png,1
3455,18098.png,1
3456,18933.png,1
3457,17328.png,1
3458,19016.png,1
3459,16614.png,1
3460,17745.png,1
3461,18639.png,1
3462,17148.png,1
3463,16806.png,1
3464,16524.png,1
3465,16599.png,1
3466,18277.png,1
3467,17643.png,1
3468,17280.png,1
3469,19698.png,1
3470,17848.png,1
3471,18094.png,1
3472,19004.png,1
3473,16131.png,1
3474,17664.png,1
3475,18937.png,1
3476,19013.png,1
3477,19017.png,1
3478,17622.png,1
3479,17642.png,1
3480,18370.png,1
3481,19111.png,1
3482,18213.png,1
3483,17794.png,1
3484,16120.png,1
3485,17507.png,1
3486,17386.png,1
3487,16988.png,1
3488,18243.png,1
3489,19744.png,1
3490,17112.png,1
3491,17786.png,1
3492,19155.png,1
3493,18864.png,1
3494,18027.png,1
3495,17349.png,1
3496,18247.png,1
3497,18162.png,1
3498,19134.png,1
3499,19420.png,1
3500,17562.png,1
3501,16588.png,1
3502,16195.png,1
3503,17907.png,1
3504,18224.png,1
3505,19082.png,1
3506,18951.png,1
3507,19171.png,1
3508,17293.png,1
3509,17574.png,1
3510,18235.png,1
3511,17438.png,1
3512,16542.png,1
3513,17678.png,1
3514,17117.png,1
3515,17336.png,1
3516,19949.png,1
3517,18143.png,1
3518,18451.png,1
3519,16917.png,1
3520,16381.png,1
3521,19756.png,1
3522,17819.png,1
3523,19573.png,1
3524,16971.png,1
3525,16170.png,1
3526,16042.png,1
3527,17171.png,1
3528,17294.png,1
3529,18873.png,1
3530,18544.png,1
3531,18445.png,1
3532,19606.png,1
3533,17583.png,1
3534,18279.png,1
3535,19211.png,1
3536,16317.png,1
3537,16075.png,1
3538,16426.png,1
3539,17872.png,1
3540,16484.png,1
3541,17043.png,1
3542,19733.png,1
3543,17859.png,1
3544,19112.png,1
3545,18578.png,1
3546,19006.png,1
3547,16290.png,1
3548,19386.png,1
3549,19146.png,1
3550,16232.png,1
3551,17741.png,1
3552,18360.png,1
3553,19452.png,1
3554,18675.png,1
3555,18103.png,1
3556,16937.png,1
3557,16382.png,1
3558,16148.png,1
3559,17361.png,1
3560,19234.png,1
3561,18385.png,1
3562,16956.png,1
3563,19537.png,1
3564,18866.png,1
3565,19904.png,1
3566,16670.png,1
3567,17426.png,1
3568,16481.png,1
3569,17797.png,1
3570,18132.png,1
3571,16969.png,1
3572,19998.png,1
3573,16534.png,1
3574,18709.png,1
3575,19205.png,1
3576,16548.png,1
3577,19572.png,1
3578,18352.png,1
3579,16304.png,1
3580,17160.png,1
3581,19087.png,1
3582,19259.png,1
3583,17208.png,1
3584,17881.png,1
3585,18160.png,1
3586,16003.png,1
3587,17915.png,1
3588,17038.png,1
3589,16610.png,1
3590,18715.png,1
3591,19114.png,1
3592,18628.png,1
3593,17010.png,1
3594,16813.png,1
3595,17928.png,1
3596,16617.png,1
3597,19101.png,1
3598,18005.png,1
3599,18017.png,1
3600,18862.png,1
3601,16802.png,1
3602,19866.png,1
3603,16224.png,1
3604,16077.png,1
3605,16863.png,1
3606,17503.png,1
3607,17997.png,1
3608,18265.png,1
3609,16344.png,1
3610,16446.png,1
3611,17298.png,1
3612,18519.png,1
3613,18285.png,1
3614,19553.png,1
3615,18957.png,1
3616,17458.png,1
3617,16703.png,1
3618,19347.png,1
3619,18384.png,1
3620,19103.png,1
3621,16736.png,1
3622,17746.png,1
3623,18253.png,1
3624,17798.png,1
3625,17817.png,1
3626,19440.png,1
3627,17021.png,1
3628,16512.png,1
3629,17003.png,1
3630,17740.png,1
3631,17910.png,1
3632,17537.png,1
3633,18935.png,1
3634,18671.png,1
3635,17636.png,1
3636,16900.png,1
3637,18330.png,1
3638,19201.png,1
3639,19886.png,1
3640,17655.png,1
3641,18886.png,1
3642,17779.png,1
3643,18927.png,1
3644,16362.png,1
3645,19458.png,1
3646,17816.png,1
3647,19914.png,1
3648,17205.png,1
3649,19644.png,1
3650,17381.png,1
3651,18651.png,1
3652,17463.png,1
3653,17700.png,1
3654,19640.png,1
3655,18745.png,1
3656,17623.png,1
3657,16874.png,1
3658,18621.png,1
3659,19049.png,1
3660,18334.png,1
3661,18691.png,1
3662,19922.png,1
3663,18784.png,1
3664,19304.png,1
3665,18225.png,1
3666,16057.png,1
3667,19567.png,1
3668,19935.png,1
3669,16777.png,1
3670,17851.png,1
3671,17719.png,1
3672,16068.png,1
3673,18152.png,1
3674,18228.png,1
3675,19785.png,1
3676,18776.png,1
3677,19968.png,1
3678,18806.png,1
3679,18479.png,1
3680,16165.png,1
3681,18986.png,1
3682,18599.png,1
3683,19987.png,1
3684,16989.png,1
3685,16430.png,1
3686,19702.png,1
3687,17373.png,1
3688,19962.png,1
3689,17064.png,1
3690,16389.png,1
3691,19648.png,1
3692,16898.png,1
3693,19598.png,1
3694,16782.png,1
3695,16119.png,1
3696,16289.png,1
3697,18281.png,1
3698,17061.png,1
3699,18364.png,1
3700,16294.png,1
3701,18768.png,1
3702,16123.png,1
3703,17720.png,1
3704,18392.png,1
3705,18985.png,1
3706,16781.png,1
3707,18108.png,1
3708,18347.png,1
3709,18815.png,1
3710,16288.png,1
3711,16001.png,1
3712,16490.png,1
3713,18829.png,1
3714,17401.png,1
3715,19815.png,1
3716,18727.png,1
3717,19126.png,1
3718,17865.png,1
3719,16441.png,1
3720,16828.png,1
3721,19014.png,1
3722,17045.png,1
3723,16151.png,1
3724,19149.png,1
3725,16827.png,1
3726,17894.png,1
3727,16295.png,1
3728,16349.png,1
3729,17961.png,1
3730,19681.png,1
3731,19469.png,1
3732,19924.png,1
3733,16459.png,1
3734,18876.png,1
3735,16031.png,1
3736,16922.png,1
3737,17464.png,1
3738,17790.png,1
3739,17823.png,1
3740,17286.png,1
3741,19324.png,1
3742,19422.png,1
3743,18093.png,1
3744,18351.png,1
3745,17922.png,1
3746,19489.png,1
3747,18372.png,1
3748,17020.png,1
3749,18241.png,1
3750,17936.png,1
3751,19438.png,1
3752,18687.png,1
3753,17713.png,1
3754,18807.png,1
3755,18538.png,1
3756,17162.png,1
3757,18029.png,1
3758,18131.png,1
3759,19806.png,1
3760,16821.png,1
3761,18741.png,1
3762,19216.png,1
3763,16114.png,1
3764,18040.png,1
3765,16887.png,1
3766,19105.png,1
3767,19986.png,1
3768,18492.png,1
3769,19820.png,1
3770,16212.png,1
3771,19270.png,1
3772,16206.png,1
3773,16779.png,1
3774,16168.png,1
3775,18344.png,1
3776,16684.png,1
3777,16072.png,1
3778,17062.png,1
3779,19777.png,1
3780,19382.png,1
3781,18752.png,1
3782,19332.png,1
3783,19931.png,1
3784,17026.png,1
3785,16582.png,1
3786,18170.png,1
3787,18278.png,1
3788,16282.png,1
3789,18982.png,1
3790,16904.png,1
3791,19745.png,1
3792,18980.png,1
3793,18896.png,1
3794,18102.png,1
3795,19786.png,1
3796,18091.png,1
3797,16965.png,1
3798,16265.png,1
3799,18216.png,1
3800,19009.png,1
3801,18212.png,1
3802,17382.png,1
3803,17999.png,1
3804,17998.png,1
3805,17177.png,1
3806,18388.png,1
3807,16016.png,1
3808,16099.png,1
3809,16332.png,1
3810,17498.png,1
3811,18764.png,1
3812,17843.png,1
3813,16483.png,1
3814,16950.png,1
3815,19556.png,1
3816,18652.png,1
3817,17240.png,1
3818,18953.png,1
3819,16358.png,1
3820,17013.png,1
3821,16237.png,1
3822,18504.png,1
3823,18457.png,1
3824,18425.png,1
3825,19393.png,1
3826,19510.png,1
3827,16175.png,1
3828,16423.png,1
3829,17035.png,1
3830,19865.png,1
3831,16092.png,1
3832,18663.png,1
3833,17590.png,1
3834,19030.png,1
3835,17085.png,1
3836,18337.png,1
3837,18867.png,1
3838,16991.png,1
3839,19972.png,1
3840,16661.png,1
3841,17544.png,1
3842,19834.png,1
3843,18514.png,1
3844,16941.png,1
3845,19632.png,1
3846,17807.png,1
3847,16795.png,1
3848,17669.png,1
3849,17681.png,1
3850,17461.png,1
3851,16867.png,1
3852,18822.png,1
3853,19933.png,1
3854,17218.png,1
3855,17614.png,1
3856,19957.png,1
3857,17545.png,1
3858,18732.png,1
3859,17235.png,1
3860,17318.png,1
3861,16525.png,1
3862,16682.png,1
3863,19477.png,1
3864,18288.png,1
3865,19113.png,1
3866,18295.png,1
3867,18583.png,1
3868,17546.png,1
3869,19499.png,1
3870,18197.png,1
3871,16030.png,1
3872,16313.png,1
3873,16184.png,1
3874,16803.png,1
3875,16370.png,1
3876,17459.png,1
3877,16659.png,1
3878,18720.png,1
3879,18298.png,1
3880,18660.png,1
3881,18476.png,1
3882,18791.png,1
3883,17231.png,1
3884,18432.png,1
3885,18748.png,1
3886,19040.png,1
3887,18301.png,1
3888,18085.png,1
3889,17554.png,1
3890,16041.png,1
3891,18713.png,1
3892,16396.png,1
3893,19844.png,1
3894,18404.png,1
3895,16144.png,1
3896,16724.png,1
3897,18477.png,1
3898,18230.png,1
3899,18884.png,1
3900,19961.png,1
3901,19877.png,1
3902,17290.png,1
3903,18431.png,1
3904,16033.png,1
3905,19934.png,1
3906,18007.png,1
3907,17637.png,1
3908,18850.png,1
3909,18053.png,1
3910,19917.png,1
3911,17992.png,1
3912,19330.png,1
3913,18786.png,1
3914,19024.png,1
3915,16879.png,1
3916,18640.png,1
3917,17264.png,1
3918,18527.png,1
3919,17141.png,1
3920,17480.png,1
3921,17839.png,1
3922,16308.png,1
3923,19731.png,1
3924,18180.png,1
3925,17855.png,1
3926,18874.png,1
3927,17994.png,1
3928,17379.png,1
3929,17372.png,1
3930,17487.png,1
3931,17374.png,1
3932,18275.png,1
3933,16789.png,1
3934,17980.png,1
3935,18612.png,1
3936,17598.png,1
3937,16880.png,1
3938,18188.png,1
3939,18046.png,1
3940,19343.png,1
3941,19752.png,1
3942,17188.png,1
3943,17725.png,1
3944,18422.png,1
3945,18014.png,1
3946,19433.png,1
3947,19054.png,1
3948,19351.png,1
3949,18605.png,1
3950,17460.png,1
3951,16087.png,1
3952,19300.png,1
3953,17588.png,1
3954,18983.png,1
3955,18877.png,1
3956,16500.png,1
3957,17788.png,1
3958,19405.png,1
3959,19529.png,1
3960,19491.png,1
3961,16065.png,1
3962,17615.png,1
3963,18358.png,1
3964,18022.png,1
3965,19092.png,1
3966,17270.png,1
3967,17133.png,1
3968,18191.png,1
3969,19547.png,1
3970,16558.png,1
3971,17202.png,1
3972,19725.png,1
3973,18157.png,1
3974,18276.png,1
3975,19310.png,1
3976,16665.png,1
3977,17310.png,1
3978,18200.png,1
3979,17576.png,1
3980,19173.png,1
3981,18023.png,1
3982,19812.png,1
3983,17520.png,1
3984,17491.png,1
3985,17532.png,1
3986,17792.png,1
3987,17611.png,1
3988,19229.png,1
3989,17914.png,1
3990,18670.png,1
3991,19160.png,1
3992,16356.png,1
3993,16284.png,1
3994,18270.png,1
3995,19574.png,1
3996,18182.png,1
3997,17357.png,1
3998,17183.png,1
3999,19247.png,1
