,Member,Predicted Next Order,Actual,Difference
0,M09736,2014-12-13,2014-12-04,81
1,M39021,2014-10-13,2014-10-08,25
2,M47229,2014-11-19,2014-12-04,225
3,M76390,2014-12-15,2014-12-09,36
4,M77779,2014-09-30,2014-09-27,9
5,M78365,2014-12-17,2014-12-06,121
6,M78720,2014-11-13,2014-12-07,576
7,M82651,2014-12-16,2014-12-07,81
8,M84827,2014-10-12,2014-10-01,121
9,M86304,2014-11-14,2014-12-07,529
10,M86572,2014-12-13,2014-12-07,36
11,M90375,2014-12-13,2014-12-08,25
12,M91098,2014-12-19,2014-12-09,100
13,M96365,2014-12-15,2014-12-06,81
14,M99030,2014-11-17,2014-12-08,441
15,M99206,2014-10-18,2014-10-08,100
16,M04158,2014-07-16,2014-12-04,19881
17,M08075,2014-11-17,2014-12-02,225
18,M09303,2014-12-17,2014-12-08,81
19,M12050,2014-09-11,2014-09-13,4
20,M12127,2014-05-14,2014-06-28,2025
21,M14746,2014-12-13,2014-12-05,64
22,M16218,2014-12-13,2014-12-07,36
23,M16611,2014-11-17,2014-12-04,289
24,M18732,2014-10-10,2014-12-01,2704
25,M22037,2014-10-11,2014-11-02,484
26,M25900,2014-10-08,2014-12-09,3844
27,M27458,2014-11-18,2014-12-07,361
28,M27871,2014-09-11,2014-12-05,7225
29,M31101,2014-11-18,2014-12-07,361
30,M31908,2014-11-19,2014-12-08,361
31,M31966,2014-10-03,2014-11-04,1024
32,M32039,2014-02-18,2014-09-13,42849
33,M32409,2014-10-13,2014-11-06,576
34,M32449,2014-10-19,2014-10-09,100
35,M32480,2014-10-20,2014-11-06,289
36,M32655,2014-09-28,2014-10-02,16
37,M33064,2014-11-21,2014-12-07,256
38,M33422,2014-10-09,2014-12-04,3136
39,M33491,2014-11-17,2014-12-02,225
40,M33558,2014-10-08,2014-12-04,3249
41,M33745,2013-08-19,2013-08-27,64
42,M33767,2014-10-14,2014-11-07,576
43,M34566,2014-07-29,2014-09-01,1156
44,M35070,2014-11-13,2014-11-05,64
45,M35464,2014-10-08,2014-12-06,3481
46,M35538,2014-10-13,2014-11-07,625
47,M35649,2014-12-17,2014-12-09,64
48,M36366,2014-10-10,2014-12-04,3025
49,M36432,2014-12-17,2014-12-07,100
50,M36702,2014-07-04,2014-10-09,9409
51,M36876,2014-10-20,2014-11-01,144
52,M37253,2014-10-17,2014-12-09,2809
53,M37600,2014-11-17,2014-11-09,64
54,M38622,2014-12-17,2014-12-08,81
55,M40184,2014-01-30,2014-08-01,33489
56,M41700,2014-10-14,2014-12-01,2304
57,M41747,2014-12-16,2014-12-05,121
58,M41781,2014-12-15,2014-12-04,121
59,M42182,2014-11-18,2014-12-06,324
60,M42513,2014-11-13,2014-12-04,441
61,M42827,2014-11-17,2014-12-04,289
62,M43189,2014-11-13,2014-11-05,64
63,M43831,2014-12-17,2014-12-09,64
64,M43977,2014-11-15,2014-11-05,100
65,M44156,2014-09-28,2014-09-29,1
66,M45375,2014-10-16,2014-11-08,529
67,M45470,2014-10-17,2014-12-02,2116
68,M46325,2014-11-20,2014-11-09,121
69,M46328,2014-10-14,2014-12-05,2704
70,M46575,2014-12-18,2014-12-09,81
71,M46687,2014-10-12,2014-10-08,16
72,M48101,2014-10-13,2014-11-09,729
73,M48154,2014-10-16,2014-10-08,64
74,M48938,2014-11-18,2014-12-01,169
75,M50038,2014-01-08,2014-05-25,18769
76,M50094,2014-06-13,2014-09-03,6724
77,M50420,2014-09-27,2014-12-02,4356
78,M50767,2014-05-14,2014-11-05,30625
79,M51043,2014-10-18,2014-11-08,441
80,M51278,2014-11-16,2014-12-08,484
81,M52629,2014-10-15,2014-11-05,441
82,M54100,2014-09-28,2014-12-08,5041
83,M54345,2014-11-17,2014-12-02,225
84,M54382,2014-11-14,2014-11-08,36
85,M54619,2014-10-21,2014-12-04,1936
86,M54796,2014-10-19,2014-12-05,2209
87,M55932,2014-10-02,2014-12-07,4356
88,M56255,2014-10-21,2014-11-04,196
89,M56309,2014-11-18,2014-12-05,289
90,M56368,2014-12-17,2014-12-07,100
91,M56489,2014-10-16,2014-12-09,2916
92,M56516,2014-10-07,2014-11-08,1024
93,M56897,2014-11-13,2014-12-05,484
94,M57093,2014-09-17,2014-09-26,81
95,M57327,2014-10-08,2014-12-03,3136
96,M57354,2014-10-16,2014-11-07,484
97,M58761,2014-12-14,2014-12-09,25
98,M58939,2014-10-14,2014-11-06,529
99,M59012,2014-10-18,2014-12-02,2025
100,M59232,2014-07-13,2014-12-04,20736
101,M62656,2014-11-19,2014-12-03,196
102,M62833,2014-12-14,2014-12-04,100
103,M63404,2014-11-20,2014-11-09,121
104,M64055,2014-09-04,2014-10-09,1225
105,M64379,2014-10-13,2014-12-07,3025
