,Member,Predicted Next Order
0,M09736,2014-12-13
1,M39021,2014-10-13
2,M47229,2014-11-19
3,M76390,2014-12-15
4,M77779,2014-09-30
5,M78365,2014-12-17
6,M78720,2014-11-13
7,M82651,2014-12-16
8,M84827,2014-10-12
9,M86304,2014-11-14
10,M86572,2014-12-13
11,M90375,2014-12-13
12,M91098,2014-12-19
13,M96365,2014-12-15
14,M99030,2014-11-17
15,M99206,2014-10-18
16,M04158,2014-07-16
17,M08075,2014-11-17
18,M09303,2014-12-17
19,M12050,2014-09-11
20,M12127,2014-05-14
21,M14746,2014-12-13
22,M16218,2014-12-13
23,M16611,2014-11-17
24,M18732,2014-10-10
25,M22037,2014-10-11
26,M25900,2014-10-08
27,M27458,2014-11-18
28,M27871,2014-09-11
29,M31101,2014-11-18
30,M31908,2014-11-19
31,M31966,2014-10-03
32,M32039,2014-02-18
33,M32409,2014-10-13
34,M32449,2014-10-19
35,M32480,2014-10-20
36,M32655,2014-09-28
37,M33064,2014-11-21
38,M33422,2014-10-09
39,M33491,2014-11-17
40,M33558,2014-10-08
41,M33745,2013-08-19
42,M33767,2014-10-14
43,M34566,2014-07-29
44,M35070,2014-11-13
45,M35464,2014-10-08
46,M35538,2014-10-13
47,M35649,2014-12-17
48,M36366,2014-10-10
49,M36432,2014-12-17
50,M36702,2014-07-04
51,M36876,2014-10-20
52,M37253,2014-10-17
53,M37600,2014-11-17
54,M38622,2014-12-17
55,M40184,2014-01-30
56,M41700,2014-10-14
57,M41747,2014-12-16
58,M41781,2014-12-15
59,M42182,2014-11-18
60,M42513,2014-11-13
61,M42827,2014-11-17
62,M43189,2014-11-13
63,M43831,2014-12-17
64,M43977,2014-11-15
65,M44156,2014-09-28
66,M45375,2014-10-16
67,M45470,2014-10-17
68,M46325,2014-11-20
69,M46328,2014-10-14
70,M46575,2014-12-18
71,M46687,2014-10-12
72,M48101,2014-10-13
73,M48154,2014-10-16
74,M48938,2014-11-18
75,M50038,2014-01-08
76,M50094,2014-06-13
77,M50420,2014-09-27
78,M50767,2014-05-14
79,M51043,2014-10-18
80,M51278,2014-11-16
81,M52629,2014-10-15
82,M54100,2014-09-28
83,M54345,2014-11-17
84,M54382,2014-11-14
85,M54619,2014-10-21
86,M54796,2014-10-19
87,M55932,2014-10-02
88,M56255,2014-10-21
89,M56309,2014-11-18
90,M56368,2014-12-17
91,M56489,2014-10-16
92,M56516,2014-10-07
93,M56897,2014-11-13
94,M57093,2014-09-17
95,M57327,2014-10-08
96,M57354,2014-10-16
97,M58761,2014-12-14
98,M58939,2014-10-14
99,M59012,2014-10-18
100,M59232,2014-07-13
101,M62656,2014-11-19
102,M62833,2014-12-14
103,M63404,2014-11-20
104,M64055,2014-09-04
105,M64379,2014-10-13
